{
"type": "FeatureCollection",
"name": "Uberaba_2025",
"crs": { "type": "name", "properties": { "name": "urn:ogc:def:crs:OGC:1.3:CRS84" } },
"features": [
{"type":"Feature","properties":{"CD_MUN":"3170107","NM_MUN":"Uberaba","CD_RGI":"310055","NM_RGI":"Uberaba","CD_RGINT":"3110","NM_RGINT":"Uberaba","CD_UF":"31","NM_UF":"Minas Gerais","SIGLA_UF":"MG","CD_REGIAO":"3","NM_REGIAO":"Sudeste","SIGLA_RG":"SE","CD_CONCURB":"3170107","NM_CONCURB":"Uberaba","AREA_KM2":4523.957},"geometry":{"type":"MultiPolygon","coordinates":[[[[-47.850739,-19.987977],[-47.850787,-19.988414],[-47.850811,-19.988874],[-47.850907999999897,-19.989748],[-47.8508897,-19.9898373],[-47.852560599999897,-19.989824499999902],[-47.8528037,-19.9898226],[-47.8530469,-19.9898208],[-47.855804099999901,-19.990464],[-47.856150199999902,-19.9905448],[-47.8597506999999,-19.9929397],[-47.8652162,-20.0030244],[-47.8687384999999,-20.008647],[-47.870077599999902,-20.009673399999901],[-47.8709216,-20.0108716],[-47.872442099999901,-20.0130301999999],[-47.8752142,-20.0185748],[-47.8758308,-20.0214101],[-47.8762029,-20.02874],[-47.875820099999899,-20.0324105],[-47.8732795,-20.0373602],[-47.871454399999898,-20.039648199999899],[-47.868379699999899,-20.041259],[-47.8664092,-20.041754],[-47.8614615,-20.0450096],[-47.8599674,-20.047240499999901],[-47.8589921,-20.0499272],[-47.8593839,-20.0524121],[-47.8603509,-20.054180299999899],[-47.8610563,-20.055469199999902],[-47.8645174,-20.058281399999899],[-47.866571,-20.0589486],[-47.8672564,-20.0596892],[-47.8692697,-20.0618648],[-47.869965599999901,-20.0636946],[-47.869598799999899,-20.0693208],[-47.869807799999897,-20.076152299999901],[-47.8708333,-20.0811702],[-47.8727094,-20.0903506],[-47.8743478,-20.0959013],[-47.8748396,-20.0975673],[-47.875077299999901,-20.0983727],[-47.879175,-20.104734999999899],[-47.8885468,-20.1147723999999],[-47.8885685,-20.1148097999999],[-47.8935875,-20.1235055],[-47.8954628,-20.125258299999899],[-47.8994,-20.125674499999899],[-47.9130718,-20.120273699999899],[-47.922349499999903,-20.114499599999899],[-47.924050399999899,-20.1136217],[-47.92716,-20.1128917999999],[-47.929226399999898,-20.111868],[-47.9315248,-20.1104348],[-47.9341021,-20.107853599999899],[-47.9424045,-20.0950013],[-47.9434962999999,-20.0919984999999],[-47.9446682,-20.085254099999901],[-47.945190899999901,-20.0732816],[-47.9450494,-20.071344699999901],[-47.9455824,-20.0643608],[-47.946022099999901,-20.0604678],[-47.948482,-20.0557575999999],[-47.9526658,-20.050933299999901],[-47.956738099999903,-20.0475883],[-47.9759693,-20.0353727],[-47.97955,-20.0359788],[-47.9811601,-20.036431299999901],[-47.981263,-20.036095],[-47.981338,-20.035854],[-47.981425,-20.035625],[-47.9815,-20.035385],[-47.981561999999897,-20.035166999999898],[-47.981625,-20.034915],[-47.981676,-20.034697999999899],[-47.981738,-20.034457],[-47.981789,-20.034227999999899],[-47.981851999999897,-20.033998999999898],[-47.981963,-20.033759],[-47.982074,-20.033541],[-47.982294,-20.033382],[-47.98243,-20.033177],[-47.982529,-20.032958999999899],[-47.982531,-20.032718],[-47.982496,-20.0325],[-47.982438,-20.032259],[-47.982343,-20.032039999999899],[-47.982235,-20.031821],[-47.982164,-20.031602],[-47.982142,-20.031326],[-47.982229,-20.031086],[-47.982316,-20.03088],[-47.982476,-20.030708999999899],[-47.982706999999898,-20.030608],[-47.982937999999898,-20.030564],[-47.983169,-20.030553999999899],[-47.983413,-20.030521],[-47.983643,-20.0305],[-47.983947,-20.030457],[-47.984191,-20.03039],[-47.984484,-20.030242999999899],[-47.984715999999899,-20.030049],[-47.984863,-20.029878],[-47.985047,-20.029672999999899],[-47.985207,-20.029513999999899],[-47.985366,-20.029331],[-47.985453,-20.029102],[-47.985577,-20.028862],[-47.985664,-20.028633],[-47.985678,-20.028414999999899],[-47.985681999999898,-20.027922],[-47.985636,-20.027681],[-47.985588999999898,-20.027428],[-47.985458,-20.027186],[-47.98529,-20.026943],[-47.985230999999899,-20.026713],[-47.985208999999898,-20.026426],[-47.985214,-20.025944],[-47.985266,-20.025507999999899],[-47.985365,-20.025268],[-47.985452,-20.02505],[-47.985563,-20.024845],[-47.985735,-20.024662],[-47.985906999999898,-20.0244],[-47.986103,-20.024183],[-47.986324,-20.023944],[-47.986483,-20.023784],[-47.986667,-20.023578999999899],[-47.986851,-20.023431],[-47.98695,-20.023226],[-47.987061,-20.023008],[-47.987305999999897,-20.022815],[-47.987465,-20.022655999999898],[-47.987709,-20.022542999999899],[-47.987941,-20.022361],[-47.988137,-20.022178999999898],[-47.988272,-20.021962],[-47.98842,-20.021756],[-47.988518999999897,-20.021539],[-47.988582,-20.021264],[-47.988596,-20.021046],[-47.988605999999898,-20.019921],[-47.988596,-20.019646],[-47.988576,-20.019185999999898],[-47.988554,-20.018968],[-47.988518999999897,-20.018727],[-47.988497,-20.018462],[-47.988487,-20.018221],[-47.988476999999897,-20.017969],[-47.988395,-20.0177040999999],[-47.988421,-20.017475],[-47.988495999999898,-20.017234],[-47.988582999999899,-20.016959],[-47.98867,-20.016707999999898],[-47.988758,-20.016444],[-47.988791799999902,-20.0163193],[-47.98882,-20.016215],[-47.988883,-20.015952],[-47.988945999999899,-20.015711],[-47.989106,-20.015539999999898],[-47.989216999999897,-20.015266],[-47.989341,-20.015037],[-47.989452,-20.014796999999898],[-47.9896,-20.014568],[-47.989663,-20.014339],[-47.989725,-20.014098999999899],[-47.989824999999897,-20.013835],[-47.989911999999897,-20.013629],[-47.989999,-20.013355],[-47.990074,-20.013091],[-47.990199,-20.012759],[-47.990273,-20.01253],[-47.990348,-20.012278],[-47.990423,-20.012038],[-47.990473999999899,-20.01182],[-47.990549,-20.011603],[-47.990599,-20.011385],[-47.99065,-20.01111],[-47.990604,-20.010868],[-47.990618,-20.010616],[-47.990622,-20.010123],[-47.9906,-20.009847],[-47.990607,-20.009077999999899],[-47.990633,-20.008848],[-47.990769,-20.008643],[-47.990783,-20.008413],[-47.990809,-20.00815],[-47.990836,-20.007874],[-47.990875,-20.007611],[-47.990938,-20.007359],[-47.991062,-20.00705],[-47.991185,-20.006833],[-47.991345,-20.006593],[-47.991505,-20.006422],[-47.991676,-20.006215999999899],[-47.991995,-20.005852],[-47.992142999999899,-20.005646],[-47.992277999999899,-20.005464],[-47.992413,-20.005268999999899],[-47.992561,-20.00503],[-47.99266,-20.004824],[-47.992832,-20.004538],[-47.992883,-20.004309],[-47.992885,-20.004068],[-47.992972,-20.003816],[-47.993035,-20.003587],[-47.993085,-20.003369],[-47.993162,-20.002911],[-47.993177,-20.002624],[-47.993167,-20.002371],[-47.993132,-20.002153],[-47.993037,-20.001911],[-47.99293,-20.001704],[-47.992871,-20.001484999999899],[-47.992813,-20.001186],[-47.992827,-20.000934],[-47.992854,-20.000681],[-47.992798999999899,-20.000399],[-47.992779,-20.000199],[-47.992725,-19.999952],[-47.992637,-19.999645],[-47.992548,-19.99926],[-47.992558,-19.998936],[-47.992697,-19.998485],[-47.992821,-19.998128],[-47.993025,-19.997514],[-47.993195,-19.997053999999899],[-47.993316,-19.996548],[-47.993558999999898,-19.996133999999898],[-47.993753,-19.995582],[-47.99402,-19.995076],[-47.994262999999897,-19.994524],[-47.99436,-19.994064],[-47.994433,-19.993535],[-47.994749,-19.993098],[-47.995211,-19.992638],[-47.995551,-19.9922],[-47.99594,-19.991855],[-47.99628,-19.991487],[-47.996668999999898,-19.991119],[-47.997082,-19.990797],[-47.997593,-19.990521],[-47.998006,-19.990313],[-47.99842,-19.989945],[-47.998541,-19.989508],[-47.998346,-19.989048],[-47.99837,-19.988610999999899],[-47.998564,-19.988105],[-47.999158,-19.987154],[-47.999381,-19.98674],[-47.999603,-19.98635],[-47.99985,-19.98596],[-48.000025,-19.985499999999899],[-48.000321,-19.985041],[-48.000543999999898,-19.984651],[-48.000694,-19.984214],[-48.000941,-19.983801],[-48.001212,-19.983365],[-48.001556999999899,-19.982953],[-48.002023999999899,-19.982495],[-48.002539,-19.982084],[-48.002957,-19.981741],[-48.003253,-19.981259],[-48.003525,-19.980846],[-48.003869,-19.980433999999899],[-48.004553,-19.9803],[-48.00509,-19.980258],[-48.005918999999899,-19.980195],[-48.00687,-19.980248],[-48.007601,-19.980276],[-48.00809,-19.980165],[-48.008678,-19.979731],[-48.00895,-19.979341],[-48.009221,-19.978974],[-48.00954,-19.978653999999899],[-48.009812,-19.978241],[-48.010034,-19.977826999999898],[-48.010354999999898,-19.977415],[-48.010601999999899,-19.976956],[-48.010826,-19.976472999999899],[-48.011122,-19.975968],[-48.011395,-19.975439999999899],[-48.011569,-19.975003],[-48.011792,-19.97459],[-48.011942,-19.974129999999899],[-48.012167,-19.973371],[-48.012293,-19.972865],[-48.012540999999899,-19.972313],[-48.012642,-19.971853],[-48.012718999999898,-19.971416],[-48.01265,-19.970954],[-48.012338,-19.970282999999899],[-48.011977,-19.969658],[-48.011640999999898,-19.96908],[-48.011304,-19.968454999999899],[-48.011015,-19.968084],[-48.010775,-19.967529],[-48.010755,-19.967091],[-48.010540999999897,-19.966306],[-48.010472,-19.965798],[-48.010357,-19.965014],[-48.010312,-19.96446],[-48.010269,-19.963791],[-48.010151,-19.963283],[-48.010034,-19.962683],[-48.009942,-19.96206],[-48.010116,-19.9616],[-48.010388,-19.961140999999898],[-48.010733,-19.960614],[-48.011077999999898,-19.960155],[-48.011373999999897,-19.959810999999899],[-48.011693,-19.959468],[-48.01211,-19.959171],[-48.012576,-19.958875],[-48.013212,-19.958510999999898],[-48.013848,-19.958354],[-48.014581,-19.958151999999899],[-48.015094,-19.957925],[-48.015778,-19.957767999999898],[-48.016266,-19.957726],[-48.017313999999899,-19.957733],[-48.017827,-19.957576],[-48.018364,-19.95751],[-48.018804,-19.957352],[-48.019292999999898,-19.957194],[-48.019928,-19.957037],[-48.020392,-19.957017],[-48.021026,-19.956952999999899],[-48.021684,-19.956934],[-48.022292,-19.957146],[-48.02273,-19.957311],[-48.023192,-19.957452],[-48.02402,-19.957573],[-48.024556,-19.957577],[-48.025043,-19.957626999999899],[-48.025628,-19.957677],[-48.02631,-19.957751],[-48.026797,-19.957801],[-48.02731,-19.957689],[-48.027847,-19.957577],[-48.028385,-19.957397],[-48.028923,-19.95717],[-48.029607999999897,-19.956898],[-48.030194,-19.956718],[-48.030707999999898,-19.956491],[-48.031246,-19.956264],[-48.031808,-19.956153],[-48.032321,-19.955926],[-48.033153,-19.95554],[-48.033692,-19.955175],[-48.034425999999897,-19.954881],[-48.034892,-19.954492],[-48.035066,-19.954055],[-48.035072,-19.953272],[-48.035052,-19.952834],[-48.034983,-19.952188],[-48.034962999999898,-19.951657],[-48.034723,-19.951264],[-48.034433,-19.950893],[-48.034192,-19.950476],[-48.033879,-19.950082],[-48.033347999999897,-19.949386999999899],[-48.032961,-19.949039],[-48.032671,-19.948622],[-48.032334999999897,-19.948042999999899],[-48.032045,-19.947626],[-48.031756,-19.947232],[-48.031395,-19.946676],[-48.031009,-19.946165999999899],[-48.030695,-19.945703],[-48.030357,-19.945286],[-48.030117,-19.944823],[-48.029804,-19.944383],[-48.029516,-19.943828],[-48.029226999999899,-19.943319],[-48.028913,-19.942924999999899],[-48.028503,-19.942461],[-48.027946,-19.94195],[-48.02756,-19.941486],[-48.027172,-19.941206],[-48.026882,-19.940836],[-48.02618,-19.940231],[-48.025309,-19.939395],[-48.024897,-19.939162],[-48.024534,-19.938837],[-48.023904,-19.938348],[-48.02337,-19.937998999999898],[-48.022959,-19.937627],[-48.022498,-19.937347],[-48.022037,-19.936998],[-48.021407,-19.936556],[-48.021069,-19.93623],[-48.020681,-19.935882],[-48.020102,-19.935185999999899],[-48.019619,-19.934653],[-48.019354,-19.934235999999899],[-48.018992,-19.933772],[-48.018655,-19.93324],[-48.018221,-19.932637],[-48.017716,-19.931804],[-48.017355,-19.931155999999898],[-48.017164,-19.930717],[-48.016852,-19.930069],[-48.016323999999898,-19.929051],[-48.016083,-19.928657],[-48.015771,-19.92801],[-48.015483,-19.927547],[-48.015123,-19.926829999999899],[-48.014956,-19.926321],[-48.014839,-19.925767],[-48.014575,-19.925235],[-48.014432,-19.924773],[-48.014097,-19.92401],[-48.013931,-19.923479],[-48.013764,-19.923016],[-48.013549,-19.922462],[-48.013333,-19.922022],[-48.013092,-19.921629],[-48.012876999999897,-19.921166],[-48.012734,-19.920704],[-48.012495,-19.920172],[-48.012401,-19.919711],[-48.012209,-19.919294],[-48.011993,-19.918855],[-48.011729,-19.918368999999899],[-48.011537,-19.917952],[-48.011322999999898,-19.917375],[-48.011035999999898,-19.916704],[-48.010917999999897,-19.916173],[-48.010753,-19.915503999999899],[-48.010537,-19.915018],[-48.010274,-19.914394],[-48.010035,-19.913792999999899],[-48.00987,-19.913122999999899],[-48.009704,-19.912499],[-48.009659,-19.912060999999898],[-48.009445,-19.911414],[-48.009156,-19.910997],[-48.008693999999899,-19.910786],[-48.008330999999899,-19.910507],[-48.007919,-19.910274],[-48.007457,-19.91004],[-48.00668,-19.909712],[-48.00605,-19.909337999999899],[-48.00537,-19.908942],[-48.004521,-19.908429],[-48.003915999999897,-19.908009],[-48.003431,-19.907637],[-48.002994,-19.907449],[-48.002363,-19.907168],[-48.001854,-19.906727],[-48.001272,-19.906377],[-48.000934,-19.905959],[-48.000571,-19.905634],[-48.000258,-19.905262999999898],[-47.999968,-19.904915],[-47.999655,-19.904474999999898],[-47.999087,-19.904214],[-47.998629,-19.903967],[-47.998191,-19.903621999999899],[-47.997924,-19.903185],[-47.997632,-19.902703],[-47.997339,-19.902242999999899],[-47.997072,-19.901737],[-47.99678,-19.901208],[-47.996488,-19.900749],[-47.996170999999897,-19.900174],[-47.995758,-19.899553],[-47.995393,-19.898886999999899],[-47.995198,-19.898358],[-47.994881,-19.897783],[-47.994589,-19.897346],[-47.994369999999897,-19.896933],[-47.994224,-19.896473],[-47.994126999999899,-19.895920999999898],[-47.993883,-19.895369],[-47.993688,-19.894908999999899],[-47.993518,-19.89445],[-47.993348,-19.893898],[-47.993226,-19.893391999999899],[-47.993109499999903,-19.892755099999899],[-47.993104,-19.892724999999899],[-47.993006,-19.892242],[-47.992811,-19.891737],[-47.992835,-19.891185],[-47.992981,-19.890725],[-47.993297,-19.890311],[-47.993598,-19.890179],[-47.993734,-19.890103],[-47.99422,-19.889896],[-47.994706,-19.889896],[-47.995168,-19.889988],[-47.995655,-19.890194],[-47.996068,-19.890401],[-47.996481,-19.890631],[-47.996992,-19.890769],[-47.997453999999898,-19.890814],[-47.997916,-19.890952],[-47.998321,-19.891203],[-47.998739,-19.891438999999899],[-47.999046,-19.891701],[-47.999269,-19.891911],[-47.999352,-19.891976],[-47.999847,-19.892605],[-48.000284,-19.892816],[-48.000868,-19.892935],[-48.001477,-19.89294],[-48.002184,-19.892899],[-48.002794,-19.892903],[-48.003425,-19.893115],[-48.00396,-19.893372],[-48.004371999999897,-19.893606],[-48.004908,-19.893656],[-48.005419,-19.893706],[-48.006222,-19.893802999999899],[-48.007317999999898,-19.89388],[-48.007805,-19.893976],[-48.008462,-19.894141999999899],[-48.008972,-19.894353],[-48.009479999999897,-19.894725999999899],[-48.010063,-19.894983],[-48.011037,-19.895105999999899],[-48.011524,-19.895177999999898],[-48.012036,-19.89509],[-48.013036,-19.895051],[-48.014083,-19.89515],[-48.014642,-19.895246],[-48.015155,-19.895088999999899],[-48.016033999999898,-19.894934],[-48.016646,-19.894545999999899],[-48.017185,-19.894203999999899],[-48.017868,-19.894071],[-48.018869,-19.893823999999899],[-48.019407,-19.893643999999899],[-48.020286999999897,-19.893304],[-48.02124,-19.892896],[-48.021827,-19.892693],[-48.022343,-19.892166],[-48.022809,-19.891822999999899],[-48.023469,-19.891528],[-48.023666999999897,-19.891092],[-48.024133,-19.890772],[-48.024843,-19.890246999999899],[-48.025627,-19.889723],[-48.026142999999898,-19.889265],[-48.026511,-19.888899],[-48.027029,-19.888119],[-48.027397999999899,-19.88766],[-48.027792,-19.887156],[-48.028308,-19.886653],[-48.028652,-19.886263],[-48.029417,-19.885047],[-48.02986,-19.884428],[-48.030253,-19.884061],[-48.030574,-19.88351],[-48.030506,-19.882841],[-48.030487999999899,-19.882081],[-48.030834,-19.881460999999899],[-48.031131,-19.880887],[-48.03155,-19.880267],[-48.032163,-19.879718],[-48.032604999999897,-19.879283],[-48.033489,-19.87846],[-48.033832,-19.878162],[-48.034298,-19.877773999999899],[-48.035179,-19.877341999999899],[-48.035692,-19.877092],[-48.036695,-19.876569],[-48.037625999999896,-19.875999],[-48.038114999999898,-19.875749],[-48.038532,-19.875405999999899],[-48.039119,-19.875087],[-48.040123,-19.874472],[-48.040735,-19.87413],[-48.041517999999897,-19.873604999999898],[-48.042255,-19.872873],[-48.042673,-19.872460999999898],[-48.043408,-19.871844],[-48.043801,-19.871431],[-48.043974999999897,-19.870971999999899],[-48.044198,-19.870512],[-48.044421,-19.870099],[-48.044788,-19.869802],[-48.045524,-19.869161],[-48.046112999999899,-19.868635],[-48.046655,-19.867947],[-48.047366,-19.867376],[-48.047905,-19.866895],[-48.048738,-19.866302],[-48.049156,-19.86589],[-48.049646,-19.865524],[-48.050575,-19.865116],[-48.051746,-19.864823999999899],[-48.052309,-19.864550999999899],[-48.052822999999897,-19.864301],[-48.053776,-19.863893],[-48.054388,-19.863459],[-48.054904,-19.862956],[-48.055247999999899,-19.862566],[-48.055983,-19.861972],[-48.056498,-19.861583],[-48.056939999999898,-19.861171],[-48.05738,-19.860921],[-48.058212,-19.860512],[-48.058847,-19.860262],[-48.059922,-19.859878],[-48.060557,-19.859652],[-48.061757,-19.858853],[-48.062565999999897,-19.858236],[-48.063056,-19.857871],[-48.0635,-19.85709],[-48.06409,-19.856471],[-48.064459,-19.855967],[-48.064951,-19.855348],[-48.065222999999897,-19.854842],[-48.065787999999898,-19.854201],[-48.066327999999899,-19.85372],[-48.066769,-19.853332],[-48.067357,-19.852967],[-48.068041,-19.852718],[-48.068674,-19.852722],[-48.069207999999897,-19.852955999999899],[-48.069595,-19.853305],[-48.070324,-19.853586],[-48.070785999999899,-19.853773999999898],[-48.071807,-19.854034],[-48.07273,-19.854363],[-48.073265,-19.854551],[-48.073870999999897,-19.854993],[-48.074403,-19.855435],[-48.07479,-19.855898],[-48.075006,-19.856338],[-48.075439,-19.856986],[-48.076044,-19.857636],[-48.076746,-19.858124],[-48.077207,-19.858381],[-48.077935,-19.85887],[-48.078784,-19.859383],[-48.079389999999897,-19.859801999999899],[-48.079946999999898,-19.860221],[-48.080529,-19.860616],[-48.080891999999899,-19.860895],[-48.081425,-19.861314],[-48.081933,-19.861778],[-48.082442,-19.862127999999899],[-48.083071,-19.862731],[-48.083458999999898,-19.86301],[-48.084334,-19.863223999999899],[-48.084797,-19.86325],[-48.085357,-19.8633],[-48.085966,-19.86335],[-48.087013,-19.863471999999899],[-48.087719,-19.863568999999899],[-48.088571,-19.863598],[-48.089156,-19.863579],[-48.090083999999898,-19.863331],[-48.091448,-19.86334],[-48.092131,-19.863276],[-48.092839,-19.863095999999899],[-48.093499999999899,-19.862685],[-48.09443,-19.862161],[-48.094894,-19.861934],[-48.095335,-19.861591],[-48.095824999999898,-19.861225],[-48.096413,-19.860837],[-48.097293,-19.860451],[-48.097831,-19.860224],[-48.098393,-19.859905],[-48.099151999999897,-19.859403],[-48.099521,-19.859013999999899],[-48.099694999999898,-19.858554],[-48.099894999999897,-19.857771],[-48.100584,-19.856922999999899],[-48.100929999999899,-19.856234],[-48.101177,-19.855774],[-48.101596,-19.855062],[-48.102113,-19.854328],[-48.102849999999897,-19.85348],[-48.103245,-19.852906],[-48.10364,-19.852101999999899],[-48.10401,-19.851459],[-48.104235,-19.850746],[-48.104238,-19.850262],[-48.104464,-19.84941],[-48.104687,-19.848904],[-48.104984,-19.848307],[-48.105158,-19.847824],[-48.105357,-19.847226],[-48.105533,-19.846536],[-48.10561,-19.845890999999899],[-48.105809,-19.845362],[-48.10613,-19.844741],[-48.106377,-19.844282],[-48.106747,-19.843777],[-48.107211,-19.843573],[-48.107571999999898,-19.844197999999899],[-48.107683699999903,-19.844406],[-48.107931999999899,-19.844868],[-48.108269,-19.845539],[-48.108755,-19.845635],[-48.109218999999896,-19.845476],[-48.109631,-19.845802],[-48.109798,-19.846264],[-48.11031,-19.846244],[-48.110774,-19.846109],[-48.111209,-19.846502999999899],[-48.111523,-19.84692],[-48.112106,-19.847109],[-48.11269,-19.847251],[-48.113275,-19.847255],[-48.113737,-19.847349999999899],[-48.114148999999898,-19.847675],[-48.114633,-19.848161999999899],[-48.115094,-19.848373],[-48.115628,-19.848653],[-48.115942,-19.849024],[-48.116305,-19.849372],[-48.116521,-19.849858],[-48.116467999999898,-19.850434],[-48.116343,-19.850894],[-48.11629,-19.851447],[-48.116384,-19.851908],[-48.116895,-19.851958],[-48.117357,-19.852076],[-48.117917,-19.852149],[-48.118403999999899,-19.852152],[-48.118989,-19.85211],[-48.119574999999898,-19.851952],[-48.120064,-19.851748],[-48.120552,-19.851658999999898],[-48.121063,-19.851685],[-48.121623999999898,-19.851597],[-48.122088,-19.851507],[-48.122528,-19.851303],[-48.123164,-19.850891999999899],[-48.123556999999899,-19.850572],[-48.12395,-19.85009],[-48.124389999999899,-19.849816],[-48.124854,-19.84975],[-48.125125,-19.849314],[-48.125439,-19.849639],[-48.125946999999897,-19.850195],[-48.126504,-19.850659999999898],[-48.127256,-19.851057],[-48.127669,-19.851289999999899],[-48.128031,-19.851707],[-48.128247,-19.852169],[-48.128759,-19.852149999999899],[-48.12927,-19.852314],[-48.129853,-19.852526],[-48.130316,-19.852552],[-48.130851,-19.852692999999899],[-48.131335,-19.853111],[-48.131649,-19.853528],[-48.132157,-19.853993],[-48.132593,-19.854341],[-48.132957,-19.85462],[-48.133443999999898,-19.854599999999898],[-48.133931,-19.854603],[-48.13427,-19.854905],[-48.134218,-19.855435],[-48.134459,-19.855829],[-48.133921,-19.856102],[-48.133479,-19.856537],[-48.133136,-19.856834],[-48.133375999999899,-19.857228],[-48.133814,-19.857415],[-48.134177,-19.857694],[-48.134689,-19.85772],[-48.13515,-19.857931],[-48.135709,-19.858165],[-48.136170999999898,-19.858329],[-48.136727999999898,-19.858816999999899],[-48.136845999999899,-19.859279],[-48.137086,-19.859741],[-48.137108,-19.860179],[-48.136983,-19.860616999999898],[-48.137662,-19.861082],[-48.137976,-19.861476],[-48.138118,-19.862053],[-48.138309,-19.862538],[-48.138697,-19.862818],[-48.138961,-19.863326],[-48.138954,-19.864364],[-48.138999,-19.864916999999899],[-48.139142,-19.865402],[-48.139578,-19.865751],[-48.140037999999898,-19.866123],[-48.140400999999898,-19.866425],[-48.140495,-19.866956],[-48.140419,-19.867415999999899],[-48.140489,-19.867855],[-48.140705,-19.868293999999899],[-48.140946,-19.868687],[-48.140747,-19.86917],[-48.140355,-19.869514],[-48.140303,-19.869951],[-48.140177999999899,-19.870411],[-48.140515999999899,-19.870806],[-48.140830999999899,-19.871153],[-48.14141,-19.871941],[-48.141675,-19.872334],[-48.141964,-19.87282],[-48.142351,-19.873192],[-48.142789,-19.873379],[-48.143517,-19.873752],[-48.144099,-19.874102],[-48.144632999999899,-19.874405],[-48.145021,-19.874776],[-48.14553,-19.875056],[-48.146209999999897,-19.875474999999899],[-48.146817999999897,-19.875664],[-48.147692,-19.876038],[-48.148154,-19.876179],[-48.148663999999897,-19.876459],[-48.149441,-19.876879],[-48.149876999999897,-19.877158],[-48.150484999999897,-19.877439],[-48.150994,-19.877719],[-48.15148,-19.877952],[-48.152062999999899,-19.878279],[-48.152573,-19.878466],[-48.153059,-19.878654],[-48.153325,-19.879024],[-48.15337,-19.879486],[-48.15351,-19.880409],[-48.153555,-19.880893],[-48.153893,-19.881379],[-48.154133,-19.881910999999899],[-48.154521,-19.882809],[-48.155884,-19.882452],[-48.156347,-19.882362999999899],[-48.156810999999898,-19.882251],[-48.157275,-19.882185],[-48.157643,-19.881818],[-48.158084,-19.881498],[-48.158501,-19.881086],[-48.158819999999899,-19.880765],[-48.159163,-19.880398],[-48.159579999999899,-19.880124],[-48.16007,-19.879758],[-48.160583,-19.879462],[-48.161146,-19.87912],[-48.161709,-19.8788],[-48.162197999999897,-19.878504],[-48.162737,-19.878115],[-48.163251,-19.877887999999899],[-48.163789999999899,-19.877475999999898],[-48.164182,-19.877087],[-48.165162,-19.876355],[-48.16558,-19.875897],[-48.165923,-19.87553],[-48.166291,-19.87521],[-48.166732,-19.87489],[-48.167124,-19.874614999999899],[-48.167491,-19.874341],[-48.16798,-19.874067],[-48.168422,-19.873701],[-48.168861999999898,-19.873380999999899],[-48.169399999999897,-19.873131],[-48.169938,-19.872927],[-48.170499999999898,-19.872723],[-48.170989,-19.872449],[-48.171477,-19.872291],[-48.172039,-19.872156],[-48.172746,-19.871999],[-48.173235,-19.871772],[-48.173747999999897,-19.871636],[-48.174456,-19.87141],[-48.175042,-19.871229],[-48.175750999999899,-19.871003],[-48.176484,-19.870662],[-48.177143999999899,-19.870413],[-48.177803,-19.870209],[-48.178511,-19.870028999999899],[-48.179023,-19.869962999999899],[-48.17956,-19.869851],[-48.180243,-19.869717],[-48.180756,-19.869605],[-48.181488,-19.869402],[-48.182074,-19.869244],[-48.182904,-19.869019],[-48.183613,-19.868745999999899],[-48.184078,-19.868448999999899],[-48.184566,-19.868291],[-48.18503,-19.868132],[-48.185836,-19.867860999999898],[-48.186301,-19.867633],[-48.187008999999897,-19.867384],[-48.187570999999899,-19.86718],[-48.188156999999897,-19.866907],[-48.188915,-19.866658],[-48.189404,-19.866384],[-48.190014,-19.866272],[-48.190869,-19.865977999999899],[-48.191333,-19.865727],[-48.19187,-19.865683999999899],[-48.192407,-19.865457],[-48.192872,-19.865206],[-48.193459,-19.86491],[-48.194216,-19.864592],[-48.194803,-19.864296],[-48.195219,-19.863999],[-48.195757,-19.863748],[-48.196222,-19.863405],[-48.196711999999899,-19.863086],[-48.197323,-19.862813],[-48.197763,-19.862654],[-48.198325,-19.862427],[-48.198764,-19.862268],[-48.199473,-19.861902999999899],[-48.199987,-19.861676],[-48.200524,-19.861425999999899],[-48.200989,-19.861152],[-48.201479,-19.860786],[-48.202018,-19.860351],[-48.202483,-19.860008],[-48.202924,-19.859711],[-48.203317,-19.859229],[-48.203832,-19.858794],[-48.204248999999898,-19.85829],[-48.204568,-19.857969],[-48.204961,-19.857533],[-48.205427,-19.857029],[-48.205845,-19.856478],[-48.206092,-19.856064],[-48.206558,-19.855606],[-48.206925,-19.855309],[-48.207414,-19.855058],[-48.20783,-19.854783999999899],[-48.208246,-19.854555999999899],[-48.208661999999897,-19.854281],[-48.209103,-19.853961],[-48.209689,-19.853688],[-48.210202,-19.853484],[-48.210738999999897,-19.853441],[-48.211202,-19.853374],[-48.21169,-19.853308],[-48.212178,-19.853173],[-48.212643,-19.852876],[-48.213083,-19.852602],[-48.213378,-19.852235],[-48.213844,-19.851753],[-48.214212,-19.851455999999899],[-48.214652999999899,-19.851066],[-48.214948,-19.850722],[-48.215389,-19.850356],[-48.215683,-19.850012],[-48.216222,-19.849577],[-48.216981,-19.849005],[-48.21752,-19.848524],[-48.218107,-19.848205],[-48.218572,-19.847977],[-48.219108999999897,-19.847865],[-48.219645,-19.847867999999899],[-48.220157,-19.847825],[-48.220619,-19.847919999999899],[-48.221301,-19.847947],[-48.222007,-19.847975],[-48.222811,-19.848095],[-48.223565999999899,-19.848098999999898],[-48.224198999999899,-19.848149],[-48.224711,-19.848152],[-48.225295,-19.848224],[-48.225832,-19.84802],[-48.226565999999899,-19.847679],[-48.227298,-19.847475],[-48.227716799999897,-19.8472909],[-48.227762,-19.847271],[-48.2279462,-19.847198499999902],[-48.228397,-19.847020999999899],[-48.228959,-19.84684],[-48.22962,-19.846381999999899],[-48.230084,-19.846155],[-48.230524,-19.845903],[-48.231038,-19.845607],[-48.231577,-19.84508],[-48.232018,-19.844759],[-48.232386,-19.844393],[-48.232802999999898,-19.844026],[-48.233146,-19.843682],[-48.233635999999898,-19.84327],[-48.233979,-19.842927],[-48.234372,-19.842537],[-48.234862,-19.841986],[-48.235181,-19.841666],[-48.235671,-19.841323],[-48.236063,-19.84091],[-48.236432,-19.840474],[-48.23675,-19.840153],[-48.237094,-19.83974],[-48.237485999999898,-19.83942],[-48.237758,-19.838867999999898],[-48.238053,-19.838431],[-48.238324,-19.837949],[-48.238595,-19.837535],[-48.238962,-19.837192],[-48.239404,-19.83671],[-48.2397,-19.836205],[-48.240044,-19.835676],[-48.240338999999899,-19.835286],[-48.240856,-19.834482],[-48.24125,-19.833747],[-48.241521,-19.833356],[-48.241842,-19.83269],[-48.242065,-19.832068],[-48.242508,-19.831333],[-48.243097,-19.830714],[-48.243564999999897,-19.829979],[-48.244079999999897,-19.829405999999899],[-48.244424,-19.82897],[-48.244769,-19.828395],[-48.24526,-19.827822],[-48.245751,-19.827179],[-48.246144,-19.826651],[-48.246513,-19.826191999999899],[-48.246832,-19.825756],[-48.247298999999899,-19.825136],[-48.247643,-19.824677],[-48.248134,-19.82408],[-48.248502,-19.823736999999898],[-48.248674999999899,-19.823323],[-48.248921,-19.822886],[-48.249194,-19.822173],[-48.249538,-19.821666999999898],[-48.249762,-19.820885],[-48.250157,-19.820126],[-48.250626,-19.819092],[-48.251148999999899,-19.817412],[-48.251396999999898,-19.816698],[-48.251596,-19.816099999999899],[-48.251992,-19.815110999999899],[-48.252339,-19.814167999999899],[-48.252561,-19.813708],[-48.252783,-19.813225],[-48.253053,-19.812857],[-48.253228,-19.812282],[-48.253474,-19.811799],[-48.253795,-19.811132999999899],[-48.253969,-19.810672],[-48.254288,-19.81019],[-48.254682,-19.809615999999899],[-48.254976999999897,-19.809226],[-48.255151,-19.808672999999899],[-48.255618,-19.807984],[-48.255986999999898,-19.807364],[-48.256453,-19.806836],[-48.256213,-19.806236],[-48.257216,-19.805642],[-48.257806,-19.804815],[-48.258273,-19.80408],[-48.258471,-19.803666],[-48.258522,-19.803204999999899],[-48.258989,-19.802609],[-48.259284,-19.802195],[-48.259456999999898,-19.801735],[-48.259826,-19.801207],[-48.26017,-19.800678999999899],[-48.260514,-19.800196],[-48.260858,-19.799829],[-48.261155,-19.799001],[-48.261328999999897,-19.798448999999898],[-48.261454,-19.798011],[-48.2617,-19.797574999999899],[-48.261924,-19.796907],[-48.262097,-19.796378],[-48.262295,-19.795964],[-48.262566,-19.795435],[-48.262814999999897,-19.794653],[-48.263086,-19.794147],[-48.263358,-19.793503],[-48.263579,-19.793112999999899],[-48.263876,-19.792469],[-48.264049999999898,-19.791893],[-48.264248,-19.791432999999898],[-48.264397,-19.790973],[-48.264619,-19.790398],[-48.264792999999898,-19.789960999999899],[-48.265065,-19.789293999999899],[-48.265166,-19.788741],[-48.265169,-19.788211],[-48.26537,-19.787150999999898],[-48.265643,-19.786484],[-48.265695,-19.785885],[-48.265796,-19.785355],[-48.266067,-19.784804],[-48.266193,-19.784112999999898],[-48.26644,-19.783607],[-48.266688,-19.782892999999898],[-48.266984,-19.782226],[-48.267231,-19.781744],[-48.267551,-19.781169],[-48.267798,-19.780639999999899],[-48.268094,-19.779996],[-48.26834,-19.779582999999899],[-48.26866,-19.779146],[-48.269002999999898,-19.778733],[-48.269224999999899,-19.778273],[-48.269545,-19.777791],[-48.269865,-19.777262999999898],[-48.27016,-19.776803],[-48.27043,-19.776412999999899],[-48.270873,-19.775793],[-48.271338,-19.775334],[-48.271704999999898,-19.775036],[-48.272195,-19.774578],[-48.272489999999898,-19.774234],[-48.272931,-19.773798],[-48.273275,-19.773339],[-48.273472,-19.772925],[-48.273621999999897,-19.77228],[-48.273575999999899,-19.771842],[-48.273676,-19.771405],[-48.273559,-19.770597],[-48.273489,-19.770136],[-48.273444,-19.769628],[-48.273399,-19.768982],[-48.273452,-19.768268],[-48.273382,-19.767783],[-48.273142,-19.767298],[-48.272902,-19.766697],[-48.272734,-19.766281],[-48.272591,-19.765773],[-48.27252,-19.765335],[-48.272353,-19.76478],[-48.272162,-19.764203],[-48.27185,-19.763462999999899],[-48.271658,-19.763001],[-48.271491,-19.762539],[-48.271372,-19.762031],[-48.27135,-19.761592999999898],[-48.271476,-19.761017],[-48.271359,-19.760256],[-48.27151,-19.759427],[-48.271781,-19.758921],[-48.272075,-19.758554],[-48.272056,-19.757815999999899],[-48.272154699999902,-19.7576086],[-48.272253,-19.757402],[-48.272573,-19.756874],[-48.272697999999899,-19.756367],[-48.272993,-19.755838],[-48.273433,-19.755564],[-48.273896,-19.755636],[-48.274554,-19.755524],[-48.275066,-19.75532],[-48.275551999999898,-19.755507],[-48.275964,-19.755900999999898],[-48.276595,-19.756227],[-48.277032,-19.756414],[-48.277371,-19.756808],[-48.277905,-19.756972],[-48.278345,-19.756813],[-48.27876,-19.756562],[-48.279271999999899,-19.756542],[-48.279831999999899,-19.756453],[-48.280295,-19.756478],[-48.280855,-19.756526999999899],[-48.281365999999899,-19.756598999999898],[-48.281877,-19.756625],[-48.282581999999898,-19.756744],[-48.283118,-19.75677],[-48.283654,-19.756773],[-48.284165,-19.756844999999899],[-48.285285,-19.756851],[-48.285797,-19.756808],[-48.286284,-19.756811],[-48.286868,-19.756768],[-48.287647999999898,-19.756703],[-48.288182999999897,-19.756751999999899],[-48.288694,-19.756916],[-48.289325,-19.757219],[-48.289959,-19.757107],[-48.290446,-19.75711],[-48.291105,-19.756952],[-48.291616,-19.756863],[-48.292105,-19.756658],[-48.292594,-19.756338],[-48.293276999999897,-19.756111],[-48.293815,-19.755721999999899],[-48.294279,-19.755471],[-48.29484,-19.755382],[-48.295353,-19.755108],[-48.296012,-19.754881],[-48.2965,-19.75463],[-48.29694,-19.754448],[-48.297427,-19.754358],[-48.297893,-19.753968999999898],[-48.298673999999899,-19.753604],[-48.299332999999898,-19.753308],[-48.299797,-19.75308],[-48.300237,-19.752875],[-48.30075,-19.752578],[-48.301214,-19.752327],[-48.3018,-19.752099],[-48.302387,-19.751663999999899],[-48.302803,-19.751413],[-48.303535,-19.751094],[-48.304121,-19.750844],[-48.304561,-19.750546],[-48.305000999999898,-19.750271999999899],[-48.305392,-19.75002],[-48.305929999999897,-19.749723],[-48.306711,-19.749428],[-48.307199,-19.749154],[-48.307859999999899,-19.748695999999899],[-48.308641,-19.748377999999899],[-48.309373,-19.748105],[-48.309959,-19.747901],[-48.310788,-19.74772],[-48.311712999999898,-19.747772],[-48.312517,-19.747661],[-48.313345,-19.747595999999898],[-48.313954,-19.747553],[-48.314735,-19.747373],[-48.315174,-19.747212999999899],[-48.31571,-19.747101],[-48.316345,-19.74692],[-48.31693,-19.746785],[-48.317515,-19.746626],[-48.318199,-19.746237999999899],[-48.318784999999899,-19.746057],[-48.319344999999899,-19.745967],[-48.319809,-19.745854999999899],[-48.320223999999897,-19.745649],[-48.320688,-19.745352],[-48.321152,-19.745193],[-48.321519,-19.744872],[-48.322105,-19.744575999999899],[-48.322474,-19.744047],[-48.322941,-19.743289],[-48.323235,-19.742944],[-48.323799999999899,-19.742094],[-48.324168,-19.741589],[-48.324854,-19.740832],[-48.325221999999897,-19.740465],[-48.325831,-19.74033],[-48.326366999999898,-19.740425],[-48.327199999999898,-19.740611],[-48.32722,-19.740152],[-48.327199,-19.739714],[-48.327152,-19.739276],[-48.327034,-19.738768],[-48.326964,-19.738237],[-48.32687,-19.737661],[-48.326751,-19.737153],[-48.326534,-19.736736999999899],[-48.326293,-19.736297],[-48.325906,-19.735857],[-48.325567,-19.735486],[-48.325179999999897,-19.735184999999898],[-48.324645,-19.734928],[-48.324205999999897,-19.735087],[-48.323839,-19.735385],[-48.323472,-19.73566],[-48.323134,-19.735312],[-48.322747999999898,-19.734665],[-48.322409999999898,-19.734133],[-48.321852,-19.733784],[-48.321438999999899,-19.733574],[-48.321247,-19.733135],[-48.321201,-19.732651],[-48.321008999999897,-19.732142],[-48.320792,-19.731749],[-48.320527,-19.731379],[-48.320164,-19.730962],[-48.319729,-19.730476],[-48.319268,-19.730127],[-48.318856,-19.729756],[-48.318298,-19.729477],[-48.317861,-19.729221],[-48.31735,-19.729126],[-48.316764,-19.729375999999899],[-48.316445,-19.729813],[-48.31615,-19.730411],[-48.31571,-19.73057],[-48.315054,-19.730359],[-48.31459,-19.73061],[-48.314078,-19.730699],[-48.313642,-19.730397],[-48.313108,-19.730049],[-48.312672,-19.729677],[-48.312333,-19.729353],[-48.31197,-19.729074],[-48.311387,-19.728748],[-48.310876999999898,-19.728584],[-48.310414,-19.728559],[-48.309855,-19.728441],[-48.309393,-19.728369],[-48.308882,-19.728296999999898],[-48.308322,-19.728293999999899],[-48.307834,-19.72843],[-48.307467,-19.728728],[-48.306907,-19.728794],[-48.306394,-19.728952],[-48.305810999999899,-19.728788],[-48.305301,-19.728555],[-48.304791,-19.728437],[-48.304452,-19.728089],[-48.304139,-19.727488],[-48.303945999999897,-19.727072],[-48.303513,-19.726286],[-48.303126,-19.725891999999899],[-48.302713,-19.725636],[-48.302252,-19.725449],[-48.301815,-19.725262],[-48.301328,-19.725189999999898],[-48.300721,-19.725003],[-48.300209,-19.724977],[-48.299624999999899,-19.725066],[-48.299113,-19.725132],[-48.298625,-19.725314],[-48.298161,-19.725496],[-48.297649,-19.725655],[-48.297112,-19.725767],[-48.296650999999898,-19.725649],[-48.296090999999898,-19.725622999999899],[-48.29558,-19.725573999999899],[-48.295068,-19.725663999999899],[-48.294604999999898,-19.725707],[-48.294119,-19.725613],[-48.293537,-19.725102],[-48.29305,-19.725238],[-48.293003999999897,-19.724777],[-48.292812,-19.724267999999899],[-48.292425,-19.723782],[-48.291939,-19.723756],[-48.2916,-19.723385999999898],[-48.291163,-19.723199],[-48.290726,-19.722919999999899],[-48.290214999999897,-19.722985999999899],[-48.289703,-19.723029],[-48.289238,-19.723396],[-48.28875,-19.723647],[-48.288288,-19.723506],[-48.287606,-19.723548],[-48.28707,-19.723568],[-48.286559,-19.723612],[-48.286096,-19.723655],[-48.285633,-19.72363],[-48.285122999999899,-19.723466],[-48.284637,-19.723347999999898],[-48.284029,-19.723275],[-48.283492,-19.723365],[-48.282908,-19.723361],[-48.282643,-19.722922],[-48.282108,-19.722781],[-48.281793999999898,-19.722433],[-48.281382,-19.722131],[-48.280702,-19.721712],[-48.280462,-19.721295999999899],[-48.280343,-19.720719],[-48.280077999999897,-19.720348999999899],[-48.279642,-19.719931],[-48.279159,-19.71926],[-48.278722,-19.719027],[-48.278064,-19.719162],[-48.277528,-19.719297],[-48.27704,-19.71941],[-48.276553,-19.71943],[-48.27609,-19.719497],[-48.275629,-19.719287],[-48.27529,-19.718985],[-48.274876999999897,-19.718751999999899],[-48.274295,-19.718403],[-48.27323,-19.717382999999899],[-48.272501,-19.717194],[-48.271842999999897,-19.717283],[-48.27138,-19.717327],[-48.271013,-19.717624],[-48.270549,-19.717828999999899],[-48.270134,-19.718058],[-48.269672,-19.718032],[-48.269185,-19.718028999999898],[-48.268698,-19.717957],[-48.26809,-19.717885],[-48.267507,-19.717651],[-48.266754999999897,-19.717278],[-48.266171,-19.717206],[-48.265636,-19.717156],[-48.265223999999897,-19.716854],[-48.264764,-19.716459999999898],[-48.264181,-19.716225999999899],[-48.263476,-19.715969],[-48.262964,-19.71615],[-48.262476,-19.716286],[-48.262015,-19.716121999999899],[-48.26153,-19.715658],[-48.261094,-19.715309999999899],[-48.260633,-19.7151],[-48.260075,-19.714889],[-48.259129,-19.714284],[-48.258693,-19.713959],[-48.258111,-19.713541],[-48.257722999999899,-19.713216],[-48.257140999999898,-19.71289],[-48.256509999999899,-19.712679],[-48.256073,-19.712446],[-48.255513999999899,-19.712189],[-48.255102,-19.711979],[-48.254615999999899,-19.711769],[-48.253596,-19.711441],[-48.253403999999897,-19.710932],[-48.252919,-19.710699],[-48.252288,-19.710304],[-48.251607,-19.710208],[-48.251001,-19.709881],[-48.250588999999898,-19.709602],[-48.250152,-19.709415],[-48.249715,-19.70909],[-48.249620999999898,-19.708582],[-48.249843999999896,-19.708053],[-48.250115,-19.707525],[-48.25053,-19.707249999999899],[-48.250946,-19.706907],[-48.25129,-19.706448],[-48.251511999999899,-19.705987999999898],[-48.251369,-19.705503],[-48.250982,-19.705132],[-48.250325,-19.705127999999899],[-48.249813,-19.705217],[-48.249325999999897,-19.705238],[-48.248741,-19.70535],[-48.248253,-19.705555],[-48.247789,-19.705666999999899],[-48.247278999999899,-19.705572],[-48.246793,-19.705454],[-48.246405,-19.705151999999899],[-48.245896,-19.70478],[-48.245655,-19.704387],[-48.245097,-19.704107],[-48.244657,-19.704335],[-48.24429,-19.704633],[-48.243778,-19.704767999999898],[-48.243366,-19.704559],[-48.242928999999897,-19.704349],[-48.2422,-19.704206],[-48.241762999999899,-19.70395],[-48.241399999999899,-19.703555999999899],[-48.241257,-19.703071],[-48.240894,-19.702746],[-48.240336,-19.702489],[-48.239871999999899,-19.702694],[-48.239481,-19.702969],[-48.238991999999897,-19.703266],[-48.238479,-19.703655],[-48.23816,-19.703999],[-48.237817,-19.704296],[-48.237523,-19.704641],[-48.237253,-19.705031],[-48.236813,-19.705259],[-48.236326,-19.705348],[-48.235864999999897,-19.705092],[-48.235403,-19.704974],[-48.234966,-19.704741],[-48.234578,-19.704462],[-48.234191,-19.704207],[-48.233680999999898,-19.703973],[-48.233294,-19.703555999999899],[-48.232931999999899,-19.703093],[-48.232593999999899,-19.702652999999898],[-48.232256999999898,-19.702074],[-48.231966999999898,-19.701681],[-48.231702,-19.701287],[-48.231215,-19.701284999999899],[-48.230728,-19.701328],[-48.230288,-19.701532999999898],[-48.229945,-19.701946],[-48.229602,-19.702244],[-48.229235,-19.702587],[-48.228528,-19.702790999999898],[-48.228015,-19.702949],[-48.227407,-19.702922999999899],[-48.226871,-19.702919999999899],[-48.226312,-19.702893],[-48.225775999999897,-19.702867],[-48.224778,-19.702860999999899],[-48.224218999999898,-19.70272],[-48.223732,-19.702717],[-48.223246,-19.702668],[-48.222760999999899,-19.702389],[-48.222471,-19.702041],[-48.221938,-19.701646],[-48.221500999999897,-19.701481999999899],[-48.221064,-19.701295],[-48.220481,-19.701131],[-48.220362,-19.700692],[-48.219875,-19.70062],[-48.21949,-19.700040999999899],[-48.219444,-19.69958],[-48.219496,-19.699096],[-48.219304,-19.698634],[-48.219088,-19.698241],[-48.218773999999897,-19.697778],[-48.218362,-19.697475999999899],[-48.218024,-19.697151],[-48.217563,-19.696870999999899],[-48.217029,-19.696660999999899],[-48.216665,-19.696382],[-48.216254,-19.696010999999899],[-48.215891,-19.695663],[-48.215237,-19.695243999999899],[-48.214558,-19.694802],[-48.214121,-19.694638],[-48.213585,-19.694658],[-48.213072,-19.694909],[-48.212387,-19.695504],[-48.21197,-19.695917],[-48.211555,-19.696190999999899],[-48.211115,-19.696511],[-48.210747,-19.696809],[-48.21038,-19.697175],[-48.209963,-19.697634],[-48.209524,-19.697793],[-48.209062,-19.697744],[-48.208355,-19.697809],[-48.207771,-19.697875],[-48.207307,-19.698056999999899],[-48.206843999999897,-19.698215],[-48.206355,-19.698419999999899],[-48.205891999999899,-19.698532],[-48.205431,-19.698368],[-48.204945,-19.698227],[-48.204483,-19.698155],[-48.203972,-19.698083],[-48.203316,-19.697895],[-48.202903999999897,-19.697593],[-48.202517,-19.697268],[-48.202081,-19.696873],[-48.201695,-19.696456],[-48.201113,-19.695991],[-48.200702,-19.69562],[-48.200144,-19.695386],[-48.199706999999897,-19.695222],[-48.199172,-19.69515],[-48.198685,-19.695147],[-48.198174,-19.695167],[-48.197685,-19.695464],[-48.197197,-19.695645],[-48.196686,-19.69555],[-48.196274,-19.695339999999899],[-48.195861,-19.695107],[-48.195473999999898,-19.694851],[-48.194964,-19.694664],[-48.194502,-19.694523],[-48.193844,-19.694679999999899],[-48.193405,-19.694862],[-48.192941,-19.694975],[-48.192453,-19.695179],[-48.191819,-19.695336999999899],[-48.191308,-19.695426],[-48.19082,-19.695560999999898],[-48.190089,-19.695649],[-48.189529,-19.695646],[-48.189066,-19.695735],[-48.188531,-19.695732],[-48.187995999999899,-19.695637],[-48.187564199999898,-19.6955697],[-48.187534,-19.695564999999899],[-48.187023,-19.695493],[-48.186537,-19.695421],[-48.185978,-19.69521],[-48.185516999999898,-19.695023],[-48.185056,-19.694789],[-48.184546,-19.694579],[-48.184232,-19.694254],[-48.183846,-19.693768],[-48.183557,-19.693328],[-48.183389,-19.692889],[-48.183245999999897,-19.692404],[-48.183079,-19.691942],[-48.18306,-19.691204],[-48.183087,-19.690743],[-48.182994,-19.690097],[-48.182948,-19.689658999999899],[-48.182806,-19.689128],[-48.182616,-19.688366],[-48.182474,-19.687811],[-48.182404,-19.68735],[-48.182261,-19.686842],[-48.182045,-19.686356],[-48.181902,-19.685918],[-48.181613,-19.685478],[-48.181325,-19.6849],[-48.181035999999899,-19.684368],[-48.180797,-19.683767],[-48.180703,-19.683305],[-48.180656999999897,-19.682821],[-48.180369,-19.682243],[-48.180153,-19.681757],[-48.179913999999897,-19.681155999999898],[-48.179747,-19.680671],[-48.179433,-19.680253999999898],[-48.179266,-19.679792],[-48.178807999999897,-19.679098],[-48.178544,-19.678519999999899],[-48.178304,-19.678011],[-48.178088,-19.677595],[-48.177824,-19.677017],[-48.177706,-19.676532],[-48.177613,-19.675794],[-48.177471,-19.675309],[-48.177401,-19.674800999999899],[-48.177283,-19.674224],[-48.17714,-19.673762],[-48.177071,-19.673278],[-48.176953,-19.672724],[-48.176786999999898,-19.671939],[-48.176670999999899,-19.671223999999899],[-48.176651,-19.670555],[-48.176655,-19.669956],[-48.176708,-19.669263999999899],[-48.176809999999897,-19.668642],[-48.176935,-19.668159],[-48.17718,-19.667769],[-48.177549,-19.667264],[-48.177771,-19.666827],[-48.178114,-19.666506],[-48.178554,-19.666232],[-48.178921,-19.665819],[-48.179337,-19.665499],[-48.179754,-19.665041],[-48.179977,-19.664511999999899],[-48.180053,-19.664051],[-48.179886,-19.663519999999899],[-48.179595999999897,-19.663149],[-48.179234,-19.662731999999899],[-48.179164,-19.662294],[-48.179021,-19.661855],[-48.17878,-19.661461],[-48.178491,-19.660999],[-48.178227,-19.660421],[-48.177988,-19.659912],[-48.177821,-19.659381],[-48.177653,-19.658965],[-48.177169,-19.658593],[-48.176661,-19.658175],[-48.176274,-19.657758],[-48.175863999999898,-19.657294],[-48.175697,-19.656786],[-48.175455999999897,-19.656346],[-48.175094,-19.655906],[-48.1749819,-19.6555943],[-48.174903,-19.655375],[-48.174834,-19.654821],[-48.174691,-19.654381999999899],[-48.174499,-19.653943],[-48.174429,-19.653482],[-48.174261999999899,-19.652927],[-48.174046,-19.652534],[-48.173805,-19.652118],[-48.173394,-19.651792],[-48.172908999999898,-19.651536],[-48.172424,-19.651232999999898],[-48.171987999999899,-19.651],[-48.171359,-19.650465999999899],[-48.170996,-19.650187],[-48.170609,-19.649724],[-48.170248,-19.649191],[-48.169838,-19.648589],[-48.169477,-19.648103],[-48.169019999999897,-19.647293999999899],[-48.16878,-19.646716],[-48.168517,-19.646115],[-48.168422,-19.645676],[-48.168354,-19.645007],[-48.168357,-19.644523],[-48.168408999999897,-19.643993],[-48.168338999999897,-19.643532],[-48.168148,-19.643023],[-48.168103,-19.642492999999899],[-48.167960999999899,-19.641891999999899],[-48.167992,-19.64097],[-48.168043,-19.640487],[-48.168168,-19.640003],[-48.168393,-19.639175],[-48.16847,-19.638645],[-48.168643,-19.638116],[-48.168841,-19.637609999999899],[-48.169161,-19.637128],[-48.169457,-19.636506999999899],[-48.169704,-19.636001],[-48.169902,-19.635472],[-48.170148,-19.635036],[-48.17042,-19.634507],[-48.170716,-19.63384],[-48.170986,-19.633427],[-48.17133,-19.632945],[-48.171625999999897,-19.632439],[-48.171775,-19.631933],[-48.17207,-19.631428],[-48.172553999999899,-19.631822],[-48.173061,-19.632517],[-48.173621,-19.632359],[-48.174206,-19.632224],[-48.174501,-19.631857],[-48.174358,-19.631394999999898],[-48.174458,-19.630958],[-48.174169,-19.630564],[-48.173904,-19.630194],[-48.173663,-19.629708],[-48.173519999999897,-19.629269],[-48.173524,-19.62867],[-48.173673999999899,-19.628141],[-48.173896,-19.627727],[-48.174312,-19.627291],[-48.174777999999897,-19.626833],[-48.175145,-19.626511999999899],[-48.17556,-19.626192],[-48.175855,-19.625779],[-48.175834,-19.625271999999899],[-48.17574,-19.624764],[-48.175622,-19.624324999999899],[-48.175429999999899,-19.623863],[-48.175116,-19.623491999999899],[-48.174802,-19.623145],[-48.174487999999897,-19.62282],[-48.17437,-19.622243],[-48.174179,-19.621734],[-48.173817,-19.621363],[-48.173478,-19.621016],[-48.173214,-19.620553],[-48.173144,-19.620045],[-48.172953999999898,-19.619422],[-48.172981,-19.618961],[-48.172716,-19.61859],[-48.1725,-19.618082],[-48.172138,-19.617664999999899],[-48.171604,-19.617569],[-48.171119,-19.617336],[-48.170656999999899,-19.617264],[-48.170171,-19.617145999999899],[-48.169636,-19.61705],[-48.169102,-19.617001],[-48.168567,-19.616929],[-48.168573,-19.615983],[-48.168625,-19.6155],[-48.168822,-19.615086],[-48.169094,-19.614556999999898],[-48.169413,-19.614029],[-48.169562,-19.613568999999899],[-48.169809,-19.613109],[-48.169812,-19.612648],[-48.169864,-19.612095],[-48.169991,-19.611380999999898],[-48.169921,-19.610943],[-48.169973,-19.610413],[-48.169806,-19.609904],[-48.169541,-19.609441999999898],[-48.169079,-19.609507999999899],[-48.168567,-19.60962],[-48.168059,-19.609272],[-48.167890999999898,-19.608809],[-48.168235,-19.608397],[-48.168626,-19.608122],[-48.168799,-19.607638999999899],[-48.168803,-19.607155],[-48.168685,-19.606578],[-48.168175,-19.606414],[-48.167664,-19.606364],[-48.167201,-19.6065],[-48.166784999999898,-19.606843],[-48.166274,-19.606932],[-48.165863,-19.606583999999899],[-48.165866,-19.6061],[-48.165942,-19.605639],[-48.165921,-19.605201],[-48.165996999999898,-19.604717],[-48.166388,-19.604443],[-48.166803,-19.604192],[-48.167267,-19.603918],[-48.167488999999897,-19.603458],[-48.167297,-19.603042],[-48.167301,-19.602512],[-48.167741,-19.602260999999899],[-48.168035,-19.601894],[-48.168087,-19.601455999999899],[-48.16809,-19.600995],[-48.167922,-19.600556],[-48.167683,-19.600025],[-48.167467,-19.599561999999899],[-48.1673,-19.599031],[-48.167257,-19.598247],[-48.167187,-19.597762],[-48.167167,-19.59714],[-48.167267,-19.596633],[-48.166709,-19.596538],[-48.166221999999898,-19.596488],[-48.165712,-19.596485],[-48.16532,-19.596783],[-48.164857,-19.596918],[-48.164372,-19.596685],[-48.164205,-19.596223],[-48.164062999999899,-19.595714999999899],[-48.163699999999899,-19.595436],[-48.163215,-19.595179],[-48.163047999999897,-19.594694],[-48.162709,-19.594392],[-48.1622,-19.594182],[-48.161788,-19.593926],[-48.161475,-19.593463],[-48.161235,-19.592954],[-48.160946,-19.592513999999898],[-48.160829,-19.591891],[-48.160565,-19.591336],[-48.160178,-19.591057],[-48.159815,-19.590754999999898],[-48.159304,-19.590775],[-48.158695,-19.590818],[-48.158333,-19.59047],[-48.158021,-19.589776],[-48.157879,-19.589268],[-48.157516,-19.588943],[-48.157056,-19.588641],[-48.156889,-19.588133],[-48.156455999999899,-19.587484],[-48.156044,-19.587181999999899],[-48.155901,-19.586743],[-48.155541,-19.586095999999898],[-48.155056,-19.58577],[-48.15484,-19.585353999999899],[-48.154502,-19.585006],[-48.154091,-19.584703999999899],[-48.153581,-19.584539],[-48.153316,-19.5841],[-48.152979,-19.583636],[-48.152594,-19.583081],[-48.152132,-19.582963],[-48.151673,-19.582568],[-48.151139,-19.582287999999899],[-48.150605,-19.582193],[-48.15007,-19.582235],[-48.149536,-19.582071],[-48.1491,-19.581791],[-48.149068699999901,-19.5816915],[-48.148933,-19.58126],[-48.14867,-19.580659],[-48.148332,-19.580196],[-48.148043,-19.579825],[-48.147753,-19.579477999999899],[-48.14744,-19.579061],[-48.147443,-19.578554],[-48.14752,-19.578047],[-48.147528,-19.576871],[-48.147604,-19.576434],[-48.147607999999899,-19.575834],[-48.14754,-19.575119],[-48.147592,-19.574542999999899],[-48.147645,-19.573875],[-48.147624999999898,-19.573276],[-48.147677,-19.572838],[-48.147681,-19.572169],[-48.147782999999897,-19.571594],[-48.147810999999898,-19.570993999999899],[-48.147405999999897,-19.569816],[-48.147239,-19.569216],[-48.147194,-19.568662],[-48.14703,-19.567854],[-48.146911,-19.567369],[-48.146817999999897,-19.566816],[-48.146529,-19.566353],[-48.146339,-19.56566],[-48.146512,-19.565245999999899],[-48.146661,-19.564809],[-48.146932,-19.56435],[-48.147228,-19.563706],[-48.147329,-19.563175999999899],[-48.147649,-19.562579],[-48.147749,-19.562141],[-48.148116,-19.561867],[-48.148702,-19.561594],[-48.149141,-19.56132],[-48.149728,-19.560907999999898],[-48.150167,-19.560704],[-48.151046,-19.560202],[-48.151412999999899,-19.559881],[-48.151732,-19.559468],[-48.152028,-19.558825],[-48.152519,-19.558205],[-48.152912,-19.557631],[-48.153255,-19.557149],[-48.153696,-19.556645],[-48.153991,-19.556231],[-48.154311,-19.555633999999898],[-48.154581,-19.555244],[-48.155022,-19.554762],[-48.155122999999897,-19.554256],[-48.155248,-19.553818],[-48.155229,-19.553011],[-48.155281,-19.552435],[-48.155309,-19.551997],[-48.155312,-19.551535999999899],[-48.155217999999898,-19.550959],[-48.155099999999898,-19.550428],[-48.155009,-19.549598],[-48.155012,-19.549068],[-48.154869,-19.548606],[-48.154677999999898,-19.548144],[-48.154511,-19.547705],[-48.154781,-19.547337],[-48.15522,-19.547109],[-48.155682,-19.547135],[-48.156312,-19.547484999999899],[-48.156771999999897,-19.547741],[-48.157356,-19.547745],[-48.157699,-19.547332],[-48.157896,-19.546917999999899],[-48.15824,-19.546482],[-48.158559,-19.546022999999899],[-48.158805,-19.545586],[-48.159002,-19.545173],[-48.159127,-19.544735],[-48.159373,-19.544299],[-48.15957,-19.543838999999899],[-48.159793,-19.543333],[-48.160355,-19.542921],[-48.160698,-19.542462],[-48.161065999999899,-19.542073],[-48.161385,-19.54166],[-48.161873,-19.541317],[-48.162216,-19.541018999999899],[-48.162923,-19.54077],[-48.164042,-19.540592],[-48.164771,-19.540665999999899],[-48.165404,-19.540669],[-48.166159999999898,-19.540258999999899],[-48.166551,-19.539984999999898],[-48.167087,-19.539873],[-48.167597999999899,-19.539783],[-48.168109,-19.539670999999899],[-48.168791999999897,-19.539399],[-48.169376999999898,-19.539172],[-48.169864,-19.539127999999899],[-48.170448,-19.539109],[-48.170959,-19.53902],[-48.172005,-19.539026],[-48.172612,-19.539053],[-48.173268999999898,-19.539056],[-48.173731,-19.539082],[-48.174266,-19.539085],[-48.174824999999899,-19.539043],[-48.175337,-19.538953],[-48.175797,-19.539164],[-48.176358,-19.538867],[-48.176869,-19.538939],[-48.177403,-19.539104],[-48.177668099999899,-19.5391397],[-48.177937,-19.539176],[-48.178399,-19.539248],[-48.178862,-19.539089999999899],[-48.179249,-19.539415],[-48.179828,-19.539994],[-48.180431999999897,-19.540643],[-48.180889,-19.541360999999899],[-48.181178,-19.541893],[-48.181272,-19.542354],[-48.181463999999899,-19.542771],[-48.181974,-19.542866],[-48.182459999999899,-19.542915],[-48.182896,-19.543102],[-48.183332999999898,-19.543335],[-48.183892,-19.543315],[-48.184235,-19.542948],[-48.184480999999899,-19.542535],[-48.184605,-19.542074],[-48.184657,-19.541591],[-48.184782,-19.541153],[-48.184809,-19.540692],[-48.184816,-19.539655],[-48.184868,-19.539171],[-48.184969,-19.538618],[-48.184972,-19.538157],[-48.185169,-19.537743],[-48.185197,-19.537213],[-48.185539999999897,-19.536754],[-48.186101999999899,-19.53632],[-48.186567,-19.535884],[-48.186886,-19.535402],[-48.187133,-19.534873],[-48.187306,-19.534413],[-48.187553,-19.533769],[-48.187702,-19.533332],[-48.187827,-19.532847999999898],[-48.187928,-19.532296],[-48.188368,-19.531859999999899],[-48.188493,-19.5314],[-48.188496,-19.530939],[-48.188183,-19.530499],[-48.187991,-19.530083],[-48.188042,-19.529645],[-48.188215,-19.529231],[-48.188414,-19.528518],[-48.188588,-19.528033999999899],[-48.188785,-19.527551],[-48.189079999999898,-19.527069],[-48.189278,-19.526654999999899],[-48.189475,-19.526195],[-48.189526999999899,-19.525756999999899],[-48.189603,-19.525205],[-48.189655,-19.524743999999899],[-48.189779,-19.524283],[-48.189929999999897,-19.52357],[-48.190224999999899,-19.523133],[-48.190738,-19.522628999999899],[-48.191178,-19.522263],[-48.191716,-19.521805],[-48.192035,-19.521415],[-48.192353,-19.521048],[-48.192624,-19.520565],[-48.192846,-19.520105],[-48.192994999999897,-19.519668],[-48.193168,-19.519230999999898],[-48.193414,-19.518748],[-48.193563,-19.518287999999899],[-48.193807999999898,-19.517897999999899],[-48.194225,-19.517439],[-48.194615999999897,-19.517096],[-48.19508,-19.516797999999898],[-48.195495,-19.516569999999898],[-48.195958,-19.516319],[-48.19647,-19.516207],[-48.196908999999899,-19.515979],[-48.197348,-19.515682],[-48.197836,-19.515431],[-48.198324,-19.515203],[-48.19886,-19.515021999999899],[-48.199345999999899,-19.515002],[-48.199953999999899,-19.515075],[-48.200465,-19.515008],[-48.201048,-19.515012],[-48.201634,-19.514692],[-48.202194,-19.514511],[-48.20273,-19.514376],[-48.203218999999898,-19.513941],[-48.203658,-19.513782],[-48.204,-19.513483999999899],[-48.204488,-19.513256],[-48.20483,-19.512935],[-48.205173,-19.512638],[-48.205637,-19.512248],[-48.206004,-19.511928],[-48.206274,-19.511537],[-48.206399,-19.510962],[-48.206597,-19.510502],[-48.206769,-19.510088],[-48.207064,-19.509674],[-48.207456,-19.509193],[-48.20775,-19.508848],[-48.208141,-19.508551],[-48.208629,-19.508254],[-48.209117,-19.507934],[-48.209654,-19.507637],[-48.210214999999899,-19.507341],[-48.210654,-19.507113],[-48.21107,-19.506792],[-48.211557,-19.506565],[-48.212043999999899,-19.506521],[-48.212578999999899,-19.506524],[-48.213163,-19.506436],[-48.214134999999899,-19.506440999999899],[-48.214598,-19.506305],[-48.215086,-19.506008],[-48.215138,-19.505548],[-48.215165,-19.505064],[-48.215095,-19.504579],[-48.215099,-19.504049],[-48.215173999999898,-19.503611],[-48.215370999999898,-19.503197],[-48.215762,-19.502877],[-48.216154,-19.502487],[-48.215888999999898,-19.502094],[-48.215673,-19.501677],[-48.215749,-19.501148],[-48.215801,-19.500687],[-48.216225999999899,-19.500046999999899],[-48.216996,-19.499458],[-48.217373,-19.499012],[-48.21783,-19.498818],[-48.218356,-19.498485],[-48.21893,-19.498081],[-48.219481,-19.497792999999898],[-48.219888,-19.497531],[-48.220695,-19.496777],[-48.221052,-19.496447],[-48.221065,-19.495986],[-48.220765,-19.495647],[-48.220323,-19.495426],[-48.220361,-19.494988],[-48.220374,-19.494526999999898],[-48.220386,-19.493974],[-48.220619,-19.493578],[-48.221174,-19.493451],[-48.221284,-19.492965],[-48.220911999999899,-19.492627],[-48.220705,-19.492102],[-48.220767,-19.49164],[-48.220852,-19.491132],[-48.220672,-19.490721],[-48.22054,-19.490286],[-48.22097,-19.489978],[-48.221471999999899,-19.489645],[-48.221905,-19.489474],[-48.222312,-19.489235],[-48.222768,-19.489017999999898],[-48.223172,-19.488641],[-48.223548,-19.488126],[-48.223965,-19.487288],[-48.224149,-19.486847],[-48.224597,-19.486285],[-48.224954,-19.486000999999899],[-48.225382,-19.485623],[-48.225867,-19.485589999999899],[-48.226199999999899,-19.485283],[-48.226659,-19.485204],[-48.227135,-19.484803],[-48.227642,-19.484676],[-48.228099,-19.484505],[-48.228479,-19.484129],[-48.228985,-19.48398],[-48.229444999999899,-19.483947],[-48.229903,-19.483776],[-48.230815999999898,-19.483365],[-48.2313,-19.483308],[-48.231766,-19.483528],[-48.232295,-19.48331],[-48.232712999999897,-19.483508],[-48.233153,-19.48366],[-48.233812,-19.483784],[-48.234327,-19.48398],[-48.234721,-19.484225],[-48.235228999999897,-19.484145],[-48.23556,-19.483768999999899],[-48.23614,-19.483641],[-48.236627999999897,-19.483746],[-48.23711,-19.48362],[-48.237415999999897,-19.483222],[-48.237742,-19.482617],[-48.237828,-19.482154],[-48.237937,-19.481645],[-48.237974,-19.481161],[-48.238084,-19.480675],[-48.238464,-19.480343999999899],[-48.238945,-19.480127],[-48.239452,-19.480024],[-48.239956999999897,-19.479806],[-48.240313,-19.479499],[-48.240811,-19.479004],[-48.241193,-19.478697],[-48.241726,-19.478662],[-48.242132,-19.4784],[-48.24261,-19.47809],[-48.243181999999898,-19.477617],[-48.243588,-19.477332],[-48.243969999999898,-19.477071],[-48.244399,-19.476739],[-48.24483,-19.476477],[-48.245468,-19.475772],[-48.24575,-19.475373999999899],[-48.246008,-19.474977],[-48.246467,-19.474875],[-48.246979,-19.475002],[-48.247566,-19.475151],[-48.248048,-19.475025],[-48.248449999999899,-19.474556],[-48.24888,-19.474293],[-48.249359,-19.473984],[-48.249685999999897,-19.47347],[-48.24982,-19.472960999999898],[-48.249881,-19.472476],[-48.249966,-19.471989999999899],[-48.250073,-19.471388999999899],[-48.250524,-19.470965],[-48.251055999999899,-19.470884],[-48.251521,-19.471012],[-48.252004,-19.47091],[-48.252432999999897,-19.470578],[-48.252518,-19.470093],[-48.2526,-19.469445999999898],[-48.252805,-19.468889],[-48.252915,-19.468426],[-48.2529,-19.467782],[-48.253155,-19.467292999999898],[-48.253487,-19.466986],[-48.253866,-19.466586],[-48.254026,-19.466145],[-48.254136,-19.465682],[-48.25444,-19.465215],[-48.254770999999899,-19.46484],[-48.255078,-19.464465],[-48.255335,-19.464068],[-48.255668,-19.463761],[-48.256146,-19.463474],[-48.256629,-19.463349],[-48.257089,-19.463293],[-48.257592,-19.463028],[-48.257776,-19.462609999999898],[-48.258179,-19.46221],[-48.258437,-19.461835999999899],[-48.258769,-19.461483],[-48.259076,-19.461154],[-48.259405,-19.460686],[-48.259901,-19.4601],[-48.260402999999897,-19.459789999999899],[-48.26081,-19.459573],[-48.261091,-19.459107],[-48.261273,-19.458618999999899],[-48.261454,-19.458063],[-48.261491,-19.457601],[-48.26143,-19.457096],[-48.261299,-19.456661],[-48.261021,-19.456229999999898],[-48.260841,-19.455819],[-48.26061,-19.455272],[-48.260427,-19.454768999999899],[-48.260438,-19.454216],[-48.260598,-19.453798],[-48.260807,-19.453378999999899],[-48.261291,-19.453346],[-48.261753999999897,-19.453405],[-48.262135,-19.453097],[-48.262267,-19.452541],[-48.262647,-19.452165],[-48.263076,-19.451856],[-48.263402,-19.451273],[-48.263659,-19.450876],[-48.26404,-19.450568],[-48.264396,-19.450215],[-48.264921,-19.449835],[-48.265403999999897,-19.449756],[-48.265708,-19.449266],[-48.265985999999899,-19.44873],[-48.266094,-19.448175],[-48.265913,-19.447718],[-48.265902,-19.447258],[-48.266111,-19.446862],[-48.266393999999899,-19.44651],[-48.266725,-19.446135],[-48.266787,-19.445695999999899],[-48.266413999999898,-19.445336],[-48.266042,-19.445021],[-48.26586,-19.444496],[-48.266117,-19.444098999999898],[-48.266498,-19.443768],[-48.267026,-19.443549],[-48.267433,-19.44331],[-48.26789,-19.443139],[-48.268297,-19.442877],[-48.268651,-19.442453999999898],[-48.269031,-19.442124],[-48.269556,-19.441767],[-48.270008,-19.441366],[-48.270432,-19.440827],[-48.27071,-19.440290999999899],[-48.270967,-19.439871],[-48.271347999999897,-19.439563],[-48.271971,-19.439227],[-48.27243,-19.439148],[-48.273065,-19.439319],[-48.273626,-19.439398],[-48.274136999999897,-19.439456],[-48.274863,-19.439370999999898],[-48.275325,-19.439384],[-48.275884,-19.439418],[-48.276566,-19.439542],[-48.276938,-19.439833],[-48.27738,-19.440076],[-48.277801,-19.44039],[-48.278197,-19.440725999999898],[-48.278568,-19.441018],[-48.278989,-19.441330999999899],[-48.279336,-19.441623],[-48.279612,-19.441984999999899],[-48.280031,-19.442252],[-48.280401,-19.442521],[-48.280819,-19.442719],[-48.281261,-19.442939],[-48.281829,-19.443318],[-48.281913,-19.443777],[-48.282069,-19.444233999999899],[-48.282514,-19.444569999999899],[-48.282978,-19.444652],[-48.283558,-19.444547],[-48.284087999999898,-19.444374],[-48.284517999999899,-19.444112],[-48.284971,-19.443779],[-48.285426,-19.443493],[-48.285906,-19.443275],[-48.286391,-19.443241999999898],[-48.286949,-19.443229],[-48.287296,-19.443521],[-48.2875,-19.443954],[-48.287966,-19.444128],[-48.288454,-19.444256],[-48.289040999999898,-19.444404],[-48.289532999999899,-19.444693],[-48.289995,-19.444728999999899],[-48.290247,-19.445114999999898],[-48.290831,-19.445171],[-48.291239,-19.444955],[-48.291671999999899,-19.444784],[-48.292135,-19.444889],[-48.292315,-19.4453],[-48.292592,-19.445685],[-48.293151,-19.445719],[-48.293582,-19.445479],[-48.293987,-19.445148],[-48.294294,-19.444796],[-48.294794,-19.444392999999899],[-48.295347,-19.444174],[-48.29581,-19.444278999999899],[-48.296251,-19.44443],[-48.296792,-19.444718],[-48.297163,-19.445009],[-48.297672,-19.444952],[-48.298589,-19.444748],[-48.299077,-19.444852],[-48.299542,-19.445003],[-48.299937999999898,-19.445294],[-48.300069999999899,-19.445728],[-48.300285,-19.446599],[-48.300767,-19.446427],[-48.301296,-19.446254],[-48.301806999999897,-19.446289],[-48.302319,-19.446393],[-48.302804,-19.446359],[-48.303505,-19.446229],[-48.304009999999899,-19.446033],[-48.304474,-19.446138],[-48.304938,-19.446266],[-48.305045999999898,-19.446701],[-48.305155,-19.447183],[-48.305527,-19.44752],[-48.305993999999899,-19.44774],[-48.306481,-19.447821],[-48.306964,-19.447695],[-48.307445,-19.447501],[-48.307775999999897,-19.447171],[-48.308203999999897,-19.446793],[-48.308582999999899,-19.446416],[-48.308884,-19.445788],[-48.309117,-19.445391],[-48.309521,-19.44506],[-48.309829,-19.444731],[-48.310308,-19.44449],[-48.310689,-19.444182],[-48.311142,-19.443826999999899],[-48.311449,-19.443498],[-48.311829,-19.443144],[-48.312308,-19.442879999999899],[-48.312714,-19.442595],[-48.313246999999897,-19.442537],[-48.313706,-19.442457999999899],[-48.314182,-19.442079],[-48.314439,-19.441682],[-48.314621,-19.441147999999899],[-48.314779,-19.440684],[-48.314838,-19.44013],[-48.314873,-19.439575999999899],[-48.315007,-19.43909],[-48.315215,-19.438648],[-48.315546,-19.438295],[-48.315945,-19.437734],[-48.316350999999898,-19.437471],[-48.316836,-19.437461],[-48.317321999999898,-19.437473],[-48.318026,-19.437456999999899],[-48.318537,-19.437515],[-48.319021,-19.437435],[-48.319479,-19.43731],[-48.320203999999897,-19.437202],[-48.320713,-19.437145],[-48.321242,-19.436949],[-48.321868,-19.436728],[-48.322377,-19.436694],[-48.322962,-19.436819],[-48.323546,-19.436875],[-48.324133,-19.437023],[-48.324661,-19.436803999999899],[-48.325191,-19.436631],[-48.325815,-19.436341],[-48.326123,-19.436011999999899],[-48.326402,-19.435545],[-48.326755999999897,-19.4351],[-48.32706,-19.434633],[-48.327433,-19.434003],[-48.327879,-19.433417],[-48.328259,-19.433063],[-48.328684,-19.432569999999899],[-48.328965,-19.432172],[-48.3297,-19.431442],[-48.330106,-19.431156999999899],[-48.331026999999899,-19.43109],[-48.331374,-19.431404999999899],[-48.331843999999897,-19.431763],[-48.332422999999899,-19.431612],[-48.332886,-19.431670999999898],[-48.333396999999898,-19.431729],[-48.333856,-19.431626999999899],[-48.334336,-19.431409],[-48.334961,-19.431188],[-48.335442,-19.430969999999899],[-48.336255999999899,-19.430514],[-48.336888,-19.430568999999899],[-48.337284,-19.430882999999898],[-48.337839,-19.430732],[-48.338344,-19.43056],[-48.338826,-19.430388],[-48.339326,-19.430008],[-48.339705,-19.429632],[-48.340133,-19.429254],[-48.340732,-19.428941],[-48.341191,-19.428862],[-48.341749999999898,-19.428872],[-48.342548,-19.428739],[-48.343094,-19.428266999999899],[-48.343476,-19.428004999999899],[-48.343808,-19.427698],[-48.343319999999899,-19.427571],[-48.343018,-19.427163],[-48.343029,-19.42661],[-48.342824,-19.426154],[-48.34313,-19.425779],[-48.343612999999898,-19.425676],[-48.344071,-19.425550999999899],[-48.344563,-19.425816],[-48.344263,-19.425477],[-48.344203999999898,-19.425041],[-48.344383999999899,-19.424461],[-48.344299,-19.423979],[-48.344237,-19.423404999999899],[-48.344466,-19.42287],[-48.344972,-19.422721],[-48.3454,-19.422366],[-48.345856,-19.422149],[-48.34611,-19.421636],[-48.346537,-19.421235],[-48.347017999999899,-19.421017],[-48.347547,-19.420843999999899],[-48.348002999999899,-19.420604],[-48.348432,-19.420318],[-48.348518,-19.419832],[-48.348973,-19.419615],[-48.349578999999899,-19.419556],[-48.350065,-19.419591],[-48.350422,-19.419307],[-48.350897,-19.418880999999899],[-48.35118,-19.41853],[-48.351289,-19.418044],[-48.351155999999897,-19.417586],[-48.350902,-19.417107999999899],[-48.351183999999897,-19.416756],[-48.351565999999899,-19.416470999999898],[-48.351897,-19.416119],[-48.352303,-19.415879],[-48.352781999999898,-19.415592],[-48.352916999999898,-19.415152],[-48.353026999999898,-19.414712],[-48.353186,-19.414271],[-48.353346,-19.413852],[-48.353849,-19.413611],[-48.354357,-19.413508],[-48.354662,-19.413109],[-48.354724,-19.412669999999899],[-48.354932,-19.412228],[-48.355213,-19.411808],[-48.354795,-19.411608999999899],[-48.354326,-19.411297],[-48.353931,-19.41103],[-48.353439,-19.410764],[-48.352998,-19.41059],[-48.352408,-19.410281],[-48.351942999999899,-19.41013],[-48.351522,-19.409817],[-48.351056,-19.409597],[-48.350633,-19.409192],[-48.350284,-19.408831],[-48.349888,-19.408517],[-48.34937,-19.408161],[-48.348973999999899,-19.40787],[-48.348478,-19.407443],[-48.348061,-19.407245],[-48.34769,-19.406976999999898],[-48.347146,-19.406552],[-48.346846,-19.406213],[-48.346545,-19.405828],[-48.346075,-19.40547],[-48.345653,-19.405088],[-48.345209,-19.404799],[-48.344788,-19.40444],[-48.344509,-19.403962],[-48.344058,-19.403372999999899],[-48.343659,-19.402945],[-48.343184999999899,-19.402425999999899],[-48.342687,-19.40193],[-48.342241,-19.401571],[-48.341894,-19.40128],[-48.3414,-19.400922],[-48.341028,-19.400585],[-48.340409,-19.400115],[-48.340086,-19.399777],[-48.339732,-19.399231999999898],[-48.339599,-19.398727999999899],[-48.339509,-19.398063],[-48.339474,-19.397625999999899],[-48.339385999999898,-19.397006],[-48.339422,-19.396498999999899],[-48.339652999999899,-19.396033],[-48.340006,-19.395564],[-48.340433,-19.395163],[-48.340931,-19.394715],[-48.341405,-19.394244],[-48.341787,-19.393982],[-48.342094,-19.393653],[-48.342526,-19.393459],[-48.342982,-19.393241],[-48.343508,-19.39293],[-48.343939,-19.39269],[-48.344441,-19.39238],[-48.344601,-19.391962],[-48.344588,-19.391432],[-48.344551,-19.390927],[-48.344273,-19.390494999999898],[-48.343708999999897,-19.390231],[-48.343385,-19.389916],[-48.342843,-19.389583],[-48.342303,-19.389340999999899],[-48.341663,-19.388941],[-48.341141999999898,-19.388492],[-48.340793,-19.388130999999898],[-48.340469,-19.38777],[-48.340192,-19.387362],[-48.340082,-19.386858],[-48.339828,-19.386403],[-48.339693,-19.385829999999899],[-48.339604999999899,-19.385233],[-48.339592,-19.384704],[-48.339507,-19.384199],[-48.339470999999897,-19.383716],[-48.339531,-19.383185],[-48.339506,-19.382172],[-48.339709,-19.381569],[-48.33982,-19.381128999999898],[-48.340143,-19.380454],[-48.340325,-19.379989],[-48.340699,-19.379382],[-48.340881,-19.378917999999899],[-48.341208,-19.378404],[-48.341366999999899,-19.377963],[-48.341805,-19.377032],[-48.342101,-19.376218999999899],[-48.342377999999897,-19.375637],[-48.342464,-19.375198],[-48.342714,-19.374501],[-48.342942,-19.373919999999899],[-48.343364,-19.373311999999899],[-48.343693,-19.372913],[-48.344546,-19.372065],[-48.345046,-19.371663],[-48.345374,-19.371195],[-48.345919,-19.370676],[-48.346226,-19.370347],[-48.346507,-19.369926],[-48.346905999999898,-19.369364],[-48.347185,-19.368875],[-48.347538,-19.368429],[-48.347689,-19.367666],[-48.347772,-19.367111],[-48.347882,-19.366625],[-48.347960999999898,-19.36591],[-48.34795,-19.365449],[-48.347912999999899,-19.364966],[-48.347848,-19.3643],[-48.347813,-19.36384],[-48.347704,-19.363359],[-48.347539,-19.362603],[-48.3474846,-19.362317399999899],[-48.347456,-19.362167],[-48.347394999999899,-19.361685],[-48.347346,-19.361439699999899],[-48.347285,-19.361134],[-48.347150999999897,-19.360631],[-48.34714,-19.36017],[-48.347028,-19.359574],[-48.346843,-19.358956],[-48.346686,-19.358498999999899],[-48.346499,-19.357836],[-48.346314999999898,-19.357264],[-48.346226,-19.356575],[-48.346089999999897,-19.356002],[-48.345981,-19.355521],[-48.345841999999898,-19.354786999999899],[-48.345683999999899,-19.354306999999899],[-48.345619999999897,-19.353664],[-48.345509999999898,-19.35316],[-48.345321,-19.352381],[-48.345183,-19.351693],[-48.345118,-19.351026999999899],[-48.345033,-19.350545],[-48.344894,-19.349833999999898],[-48.344906,-19.349327],[-48.345114,-19.348907999999899],[-48.345542,-19.348553],[-48.34597,-19.348221],[-48.346201999999899,-19.347777999999899],[-48.346435,-19.347382],[-48.346643,-19.346985],[-48.3468,-19.346452],[-48.346499,-19.346044],[-48.345931999999898,-19.345689],[-48.345319,-19.345426],[-48.344923,-19.345112],[-48.344503,-19.344799],[-48.343910999999899,-19.344421],[-48.343471,-19.344269999999899],[-48.343007,-19.344142],[-48.342154,-19.344023],[-48.341571,-19.343966],[-48.341086,-19.343976999999899],[-48.340358,-19.34397],[-48.339678999999897,-19.344009],[-48.339146,-19.34402],[-48.338684,-19.343985],[-48.338278,-19.344224],[-48.338094,-19.344643],[-48.338129,-19.345078999999899],[-48.338309,-19.345489999999899],[-48.338465,-19.345924],[-48.33833,-19.346364999999899],[-48.338051,-19.346854],[-48.337542,-19.346866],[-48.336987,-19.346969999999899],[-48.336631,-19.347324],[-48.336132,-19.347749],[-48.335648,-19.347783],[-48.335141,-19.347863],[-48.334587,-19.34806],[-48.33417,-19.347862],[-48.333705199999898,-19.3476201],[-48.333309,-19.347373999999899],[-48.332867,-19.347154],[-48.332493,-19.346771],[-48.332164,-19.346225],[-48.331714,-19.34566],[-48.331482,-19.345135],[-48.331274999999899,-19.34461],[-48.331093,-19.344084],[-48.330984,-19.343626],[-48.330847999999897,-19.343029999999899],[-48.330835,-19.342501],[-48.330897,-19.342039],[-48.330905,-19.341394],[-48.330942,-19.340933],[-48.331052999999898,-19.340493],[-48.331089,-19.339985],[-48.331245,-19.339429],[-48.331280999999898,-19.338922],[-48.331268,-19.338415],[-48.331202,-19.337703],[-48.33119,-19.337195999999899],[-48.330902,-19.336351],[-48.330624,-19.335919],[-48.330492,-19.335484999999899],[-48.330554,-19.335023],[-48.330587,-19.3344],[-48.330548,-19.333801999999899],[-48.330402999999897,-19.332861],[-48.330366,-19.332309],[-48.330227,-19.331622],[-48.330046,-19.331142],[-48.329935,-19.330569],[-48.329752,-19.330043],[-48.329496999999897,-19.329564999999899],[-48.329166,-19.328928],[-48.32889,-19.328542],[-48.328511999999897,-19.327975],[-48.32811,-19.327407999999899],[-48.327781,-19.326863],[-48.327479,-19.326432],[-48.32708,-19.32598],[-48.326681999999899,-19.325574],[-48.326406,-19.325212],[-48.326059,-19.32492],[-48.325563,-19.324471],[-48.325066,-19.323998],[-48.324624,-19.323754999999899],[-48.324135,-19.323626999999899],[-48.323529,-19.323641],[-48.323066,-19.323559],[-48.322739,-19.323083],[-48.322342999999897,-19.322745999999899],[-48.32209,-19.322337],[-48.321788,-19.321883],[-48.321463999999899,-19.321545],[-48.32102,-19.321232],[-48.320578,-19.321012],[-48.319914,-19.320658],[-48.319544,-19.32039],[-48.319195,-19.320006],[-48.318894999999898,-19.319667],[-48.318691,-19.319233999999899],[-48.318656,-19.318798],[-48.318814,-19.318356999999899],[-48.318852,-19.317895],[-48.318811,-19.317228],[-48.318869999999897,-19.316674],[-48.319001,-19.316096],[-48.319161,-19.315677999999899],[-48.31937,-19.315281],[-48.31965,-19.314861],[-48.31981,-19.314443],[-48.320092,-19.314091],[-48.320371,-19.313578],[-48.320628,-19.313203999999899],[-48.321030999999898,-19.312803],[-48.321409,-19.312404],[-48.32193,-19.311885],[-48.322429,-19.311483],[-48.322976,-19.311033],[-48.323330999999897,-19.310679999999898],[-48.323759,-19.310302],[-48.32409,-19.309972],[-48.324519,-19.309663],[-48.325117,-19.309327],[-48.32555,-19.309157],[-48.326223,-19.308911],[-48.326629,-19.308671999999898],[-48.327154999999898,-19.308360999999898],[-48.327462,-19.308009],[-48.327742999999899,-19.307588],[-48.328121,-19.307188],[-48.328428,-19.306836],[-48.328781,-19.306413],[-48.329278,-19.305896],[-48.329728,-19.305471],[-48.33018,-19.305115999999899],[-48.330537,-19.304831],[-48.331063,-19.30452],[-48.331689,-19.304322],[-48.332168,-19.304103999999899],[-48.332597,-19.303795],[-48.333004,-19.303579],[-48.33363,-19.303358],[-48.33406,-19.303117999999898],[-48.334341,-19.30272],[-48.334717,-19.302205],[-48.334899,-19.301717],[-48.335179,-19.301274],[-48.335387,-19.300855],[-48.335760999999899,-19.30027],[-48.336208,-19.299731],[-48.336728999999899,-19.299213],[-48.337007,-19.298676999999898],[-48.337263999999898,-19.298302],[-48.337571,-19.297973],[-48.33795,-19.297595999999899],[-48.338205,-19.29713],[-48.33841,-19.296573],[-48.338642999999898,-19.296176],[-48.338533,-19.295649],[-48.338713,-19.295092],[-48.338774999999899,-19.294653],[-48.33869,-19.294148],[-48.338845999999897,-19.293592],[-48.338808,-19.29304],[-48.338861999999899,-19.292279],[-48.339044999999899,-19.291837],[-48.339202999999898,-19.291373],[-48.339362999999899,-19.290955],[-48.339494,-19.2904],[-48.339647,-19.289728],[-48.339779,-19.28915],[-48.339841,-19.288711],[-48.339973,-19.288201],[-48.340154,-19.287667],[-48.34036,-19.287156],[-48.34059,-19.286667],[-48.340891,-19.286062],[-48.341286,-19.285362],[-48.341661,-19.284847],[-48.342062999999897,-19.284447],[-48.342511,-19.283929999999899],[-48.342792,-19.283509],[-48.343044,-19.282928],[-48.342982,-19.282353],[-48.34254,-19.282156],[-48.34198,-19.282053],[-48.34147,-19.282018999999899],[-48.340961,-19.28203],[-48.340477,-19.282087],[-48.339920999999897,-19.282168],[-48.339463,-19.282271],[-48.338859,-19.282353],[-48.338209,-19.282575],[-48.337584,-19.282773],[-48.337121,-19.282692],[-48.336635999999899,-19.282702],[-48.335816,-19.282882],[-48.335237999999897,-19.283033],[-48.334755,-19.283136],[-48.334179999999897,-19.283402],[-48.333627,-19.283621],[-48.333146,-19.28377],[-48.332592,-19.283921],[-48.332110999999898,-19.284092999999899],[-48.331634,-19.284426],[-48.331329,-19.284847],[-48.33093,-19.285363],[-48.330573,-19.28567],[-48.330116,-19.285818],[-48.329633,-19.285875],[-48.329262,-19.285607],[-48.328843999999897,-19.285363],[-48.328564,-19.28484],[-48.328147,-19.284642],[-48.327588999999897,-19.284654],[-48.327334,-19.285097],[-48.327103,-19.285563],[-48.326591999999899,-19.285528],[-48.326131,-19.285493],[-48.325648,-19.285595],[-48.325165,-19.285652],[-48.324793999999898,-19.285384],[-48.324542,-19.284998],[-48.324192,-19.284568],[-48.32377,-19.284186],[-48.323301,-19.283828],[-48.322669,-19.283795999999899],[-48.322165,-19.283992],[-48.321833,-19.284321],[-48.321293,-19.284057],[-48.320920999999899,-19.28372],[-48.320692,-19.283287],[-48.3202,-19.282999],[-48.319783,-19.282801],[-48.318927,-19.282498],[-48.318462,-19.282324],[-48.318006,-19.282541],[-48.317599,-19.282757],[-48.317366999999898,-19.2832],[-48.317405999999899,-19.283774999999899],[-48.317369,-19.284259],[-48.317573,-19.284669],[-48.317414,-19.285087],[-48.316492,-19.285062],[-48.316010999999897,-19.285234],[-48.315708,-19.285724],[-48.31555,-19.286211],[-48.315439,-19.286651],[-48.314934,-19.2868],[-48.314374,-19.286721],[-48.313811,-19.286503],[-48.313297,-19.28633],[-48.312853,-19.286018],[-48.312554,-19.285679],[-48.312159,-19.285411],[-48.311762,-19.285051],[-48.311439,-19.284713],[-48.311094599999898,-19.284464199999899],[-48.311068,-19.284444999999899],[-48.310649,-19.284154999999899],[-48.31019,-19.284234],[-48.30922,-19.284256],[-48.308707,-19.284106],[-48.308166,-19.283772],[-48.307817,-19.283389],[-48.307296,-19.282917],[-48.307067,-19.282484],[-48.307006999999899,-19.282002],[-48.30666,-19.28171],[-48.306336,-19.281349],[-48.30594,-19.281035],[-48.305663,-19.280604],[-48.305138,-19.279971],[-48.304789,-19.279587],[-48.304439,-19.27918],[-48.304041,-19.278751],[-48.303835,-19.278272],[-48.303412,-19.277821],[-48.302934999999898,-19.277187],[-48.302656,-19.276685999999899],[-48.302283,-19.276302999999899],[-48.301786999999898,-19.27583],[-48.301533999999897,-19.275398],[-48.300885,-19.274653],[-48.300559,-19.274245],[-48.300307,-19.273859],[-48.30003,-19.273428],[-48.299921,-19.272946999999899],[-48.299666,-19.272423],[-48.299701,-19.271869],[-48.299909,-19.271473],[-48.299847,-19.270921999999899],[-48.299689999999899,-19.270442],[-48.299534,-19.269985],[-48.299207,-19.269531],[-48.298953,-19.269053],[-48.298602,-19.268577],[-48.298274,-19.268055],[-48.298020999999899,-19.267646],[-48.297477,-19.267221],[-48.296932,-19.266725999999899],[-48.296534999999899,-19.266389],[-48.296087,-19.265916],[-48.295715,-19.265577999999898],[-48.295167,-19.264969],[-48.294868,-19.26463],[-48.294345,-19.264066],[-48.293944,-19.263545],[-48.293125,-19.262803],[-48.292744,-19.262098],[-48.292367,-19.261553],[-48.291973,-19.261285999999899],[-48.291381,-19.260861],[-48.290867999999897,-19.260734],[-48.290278,-19.260402],[-48.290049,-19.259946],[-48.289671999999896,-19.259402],[-48.289254,-19.259181],[-48.288790999999897,-19.259076],[-48.288181,-19.258928],[-48.287688,-19.258594],[-48.287364,-19.258232],[-48.286744999999897,-19.257716],[-48.286152,-19.257269],[-48.285875,-19.256837],[-48.285598,-19.256429],[-48.285296,-19.255975],[-48.284872,-19.255478],[-48.284666,-19.254998999999899],[-48.284388,-19.254521],[-48.284084,-19.254021],[-48.283877,-19.25345],[-48.283621,-19.252903],[-48.283391,-19.252447],[-48.282878,-19.252275],[-48.282413,-19.252101],[-48.281807,-19.252091],[-48.281078,-19.252038],[-48.280588,-19.251818],[-48.280144,-19.251528999999898],[-48.279892,-19.25112],[-48.279566,-19.250689],[-48.278953999999899,-19.250473],[-48.278513,-19.250274999999899],[-48.277783,-19.250176],[-48.277274,-19.250187],[-48.276694,-19.250246],[-48.276182999999897,-19.250165],[-48.275402,-19.249952],[-48.27494,-19.249915999999899],[-48.274476,-19.249765],[-48.274012,-19.249637],[-48.273356,-19.249582],[-48.272844,-19.249456],[-48.272472999999898,-19.249187],[-48.272126,-19.248873],[-48.271732,-19.248628],[-48.271217,-19.248363],[-48.27058,-19.248101],[-48.270115,-19.247903],[-48.269625,-19.24773],[-48.268893999999896,-19.247585],[-48.268309,-19.247436],[-48.267719999999898,-19.247127],[-48.267249999999898,-19.246746],[-48.2670125,-19.246452],[-48.266775,-19.246158],[-48.266784,-19.245559],[-48.266916,-19.245003],[-48.266928,-19.244496],[-48.267131,-19.243847],[-48.267264,-19.243337],[-48.267277,-19.242877],[-48.267481,-19.242296],[-48.267616,-19.241855999999899],[-48.26794,-19.24125],[-48.268097,-19.24074],[-48.268205,-19.240185],[-48.268177,-19.239034],[-48.268037999999898,-19.2383],[-48.267881,-19.23782],[-48.267581,-19.237434999999898],[-48.267352,-19.237026],[-48.266804,-19.236393],[-48.266453,-19.23594],[-48.26601,-19.23565],[-48.265515999999899,-19.235293],[-48.265048,-19.234981],[-48.264603,-19.234621999999899],[-48.264113,-19.234424999999899],[-48.263719,-19.234181],[-48.263204,-19.233916],[-48.262566999999898,-19.233653],[-48.261957,-19.233506],[-48.261418999999897,-19.23331],[-48.260956,-19.233182],[-48.260393,-19.232964],[-48.259928,-19.23279],[-48.259414,-19.232593999999899],[-48.258876,-19.232422],[-48.258385,-19.232156],[-48.257847,-19.231961],[-48.257407,-19.231808999999899],[-48.256966,-19.231634],[-48.256256999999898,-19.231397],[-48.255695,-19.231202],[-48.25511,-19.231053],[-48.2545,-19.230929],[-48.25382,-19.230851],[-48.253235,-19.230749],[-48.252676999999899,-19.230715],[-48.252146,-19.230795999999899],[-48.25154,-19.230809],[-48.250788,-19.230802],[-48.250232,-19.230861],[-48.249625,-19.230828],[-48.249138,-19.230746],[-48.248675999999897,-19.230687],[-48.248138,-19.230469],[-48.24765,-19.230364],[-48.246890999999898,-19.230059],[-48.245985,-19.229664],[-48.245497999999898,-19.229582],[-48.244862,-19.229366],[-48.244348,-19.22917],[-48.243445,-19.22889],[-48.242953,-19.228625],[-48.242291,-19.228317],[-48.24185,-19.228096],[-48.241380999999897,-19.227761],[-48.24074,-19.227314],[-48.240322999999897,-19.227116],[-48.239951,-19.226779],[-48.239556999999898,-19.226534],[-48.238819,-19.22609],[-48.238378,-19.225869],[-48.23791,-19.225557],[-48.237344,-19.225224],[-48.236925,-19.224957],[-48.236409,-19.224668999999899],[-48.235794999999897,-19.224314],[-48.235327,-19.224024],[-48.234931,-19.223688],[-48.234487999999899,-19.223421],[-48.233947,-19.22311],[-48.233307,-19.222687],[-48.232815,-19.222375],[-48.232299,-19.222086999999899],[-48.231834,-19.221936],[-48.231268999999898,-19.221603],[-48.230775999999899,-19.221291],[-48.230381,-19.220976999999898],[-48.229913,-19.220665],[-48.229417,-19.220215],[-48.228923,-19.219812],[-48.22843,-19.219476999999898],[-48.227839,-19.219121],[-48.227372,-19.218855],[-48.226878999999897,-19.21852],[-48.22636,-19.218094],[-48.225988,-19.217756999999899],[-48.225614,-19.217304],[-48.225264,-19.216852],[-48.224835,-19.215558999999899],[-48.224233,-19.214317999999899],[-48.223765,-19.212992],[-48.223731,-19.211611999999899],[-48.223889,-19.211101],[-48.223951,-19.210663],[-48.224207,-19.21022],[-48.22451,-19.209706],[-48.224886,-19.209215],[-48.225338,-19.208859],[-48.225694,-19.208552],[-48.226075,-19.208291],[-48.226505,-19.208028],[-48.227029,-19.207647999999899],[-48.227436,-19.207408999999899],[-48.227866999999897,-19.207215],[-48.228271999999897,-19.206907],[-48.228676,-19.206553],[-48.229077,-19.206107],[-48.229551,-19.205659],[-48.229924,-19.205052],[-48.230252999999898,-19.20463],[-48.230629,-19.204116],[-48.230834,-19.203605],[-48.23116,-19.203045],[-48.231417,-19.202625],[-48.231696,-19.202134999999899],[-48.232074,-19.201735],[-48.232447,-19.201104999999899],[-48.232702,-19.200639],[-48.233027999999898,-19.200103],[-48.233162,-19.199615999999899],[-48.233222,-19.199108],[-48.233043,-19.198698],[-48.233029,-19.198122],[-48.232892999999898,-19.197503],[-48.23281,-19.197067999999899],[-48.232629,-19.196634],[-48.2323,-19.196042],[-48.231999,-19.195635],[-48.231695,-19.195065],[-48.231368,-19.194566],[-48.231042,-19.194136],[-48.230766,-19.193727],[-48.230538,-19.193341],[-48.230333,-19.192861],[-48.230152,-19.192405],[-48.229802,-19.191952],[-48.229568,-19.191289],[-48.229337,-19.190764999999899],[-48.229059999999897,-19.190333],[-48.228713,-19.190018],[-48.22827,-19.189751999999899],[-48.227781999999898,-19.189624],[-48.227245,-19.189452],[-48.226633999999898,-19.189235],[-48.226143,-19.188969],[-48.225673,-19.188588],[-48.225302,-19.188273],[-48.224832,-19.187869],[-48.224217,-19.187514],[-48.223751,-19.187294],[-48.223263,-19.187142999999899],[-48.2227,-19.186902],[-48.22216,-19.186615],[-48.221547,-19.186352],[-48.221105,-19.186084999999899],[-48.22037,-19.185756],[-48.219706,-19.185378],[-48.219216,-19.185136],[-48.218678,-19.184963],[-48.218165999999897,-19.184813],[-48.217676,-19.184617],[-48.21721,-19.184373],[-48.216768,-19.184153],[-48.216276999999899,-19.183887],[-48.21586,-19.183666],[-48.215295,-19.183356],[-48.214854,-19.183135],[-48.21446,-19.18289],[-48.213821,-19.182536],[-48.213381,-19.182361],[-48.212892,-19.182188],[-48.212404,-19.182037],[-48.211793,-19.181843],[-48.211376,-19.181622],[-48.21074,-19.181382],[-48.210199,-19.181049],[-48.209537,-19.180764],[-48.209119,-19.180473],[-48.208697,-19.180067999999899],[-48.208183,-19.179849],[-48.207621,-19.179677],[-48.206915,-19.179531],[-48.206285,-19.179544],[-48.205826,-19.179624],[-48.205367,-19.17968],[-48.204904999999897,-19.17962],[-48.204418,-19.179493],[-48.20393,-19.179388],[-48.203446,-19.179399],[-48.202913,-19.179387],[-48.202352,-19.179237999999899],[-48.201911,-19.179040999999899],[-48.201398,-19.178867],[-48.200858,-19.178603],[-48.200366,-19.178290999999899],[-48.199728,-19.177958999999898],[-48.19926,-19.177647],[-48.19855,-19.177363],[-48.197842,-19.177147999999899],[-48.197353,-19.176952],[-48.196958,-19.176638],[-48.196415,-19.176258],[-48.195898,-19.175924],[-48.195576,-19.175608],[-48.195252,-19.175247],[-48.194737,-19.175004999999899],[-48.194366,-19.174689999999899],[-48.193852,-19.174471],[-48.193344,-19.174505],[-48.192828,-19.174194],[-48.192311,-19.17386],[-48.191893999999898,-19.173639],[-48.191404,-19.173442],[-48.190987999999898,-19.173244],[-48.190519,-19.172908],[-48.190123,-19.172570999999898],[-48.189728,-19.172258],[-48.189333,-19.171966999999899],[-48.188961999999897,-19.171651999999899],[-48.188783,-19.171242],[-48.188554,-19.170809],[-48.188786,-19.170366999999899],[-48.188628999999899,-19.169863],[-48.188303,-19.169433],[-48.188099,-19.168976999999899],[-48.187847,-19.168591],[-48.187595,-19.168181999999899],[-48.187367,-19.167772],[-48.187355,-19.167243],[-48.187559,-19.166663],[-48.187989,-19.1664],[-48.188246,-19.166003],[-48.188355999999899,-19.165563],[-48.188486,-19.164893],[-48.188693999999899,-19.164497],[-48.188803999999898,-19.164011],[-48.188696,-19.163553],[-48.188468,-19.163142999999899],[-48.188336,-19.162662],[-48.188175999999899,-19.162067],[-48.188092,-19.161584999999899],[-48.187984,-19.161127],[-48.187802,-19.160601],[-48.187743,-19.160165],[-48.187732,-19.159705],[-48.187787,-19.158967],[-48.18775,-19.158438],[-48.187736,-19.15784],[-48.187795999999899,-19.157308999999898],[-48.187927,-19.15673],[-48.187985,-19.15613],[-48.188165,-19.155551],[-48.18849,-19.154944999999898],[-48.1886,-19.154482],[-48.188661,-19.153973999999899],[-48.188448,-19.153196],[-48.188389,-19.15276],[-48.188353999999897,-19.152277],[-48.188434,-19.151561],[-48.188423,-19.151101],[-48.188313999999899,-19.15062],[-48.188278,-19.150137],[-48.188049,-19.149681],[-48.18765,-19.149183],[-48.187398,-19.148796999999899],[-48.187266399999899,-19.1486477],[-48.187098999999897,-19.148457999999899],[-48.186543,-19.148516],[-48.185767999999896,-19.148533],[-48.185311,-19.148635],[-48.184393999999898,-19.148793],[-48.183838,-19.148874],[-48.183354999999899,-19.148931],[-48.182897,-19.149033],[-48.182466,-19.149225999999899],[-48.182134,-19.149556],[-48.181578,-19.149591],[-48.180847,-19.149445],[-48.180549,-19.149106],[-48.180016,-19.149141],[-48.179317,-19.149270999999899],[-48.178786,-19.149352],[-48.178302,-19.149384999999899],[-48.177798,-19.14958],[-48.177366,-19.149751],[-48.176936,-19.150036],[-48.176483,-19.150322],[-48.175883999999897,-19.150611],[-48.17538,-19.15083],[-48.174901,-19.151046999999899],[-48.174349999999897,-19.151312],[-48.173921999999898,-19.151667],[-48.173471,-19.152068],[-48.172992,-19.152286],[-48.172415999999899,-19.152505],[-48.171984,-19.152676],[-48.171526,-19.152778],[-48.171098,-19.153132],[-48.170693,-19.153417],[-48.170388,-19.153838],[-48.169958,-19.154101],[-48.169407,-19.154389],[-48.168905,-19.154653],[-48.168449,-19.154847],[-48.167848999999897,-19.155067],[-48.167176,-19.155335],[-48.166334999999897,-19.155606],[-48.165683999999899,-19.155757999999899],[-48.165179,-19.155907],[-48.164821199999899,-19.1560004],[-48.164505,-19.156083],[-48.1640953,-19.1560921],[-48.163923,-19.156095999999899],[-48.163441,-19.156175],[-48.162816,-19.156396],[-48.162214999999897,-19.156616],[-48.161808999999899,-19.156832],[-48.161231,-19.157005],[-48.160825,-19.157243999999899],[-48.16037,-19.157461],[-48.159911,-19.157516999999899],[-48.159479,-19.157711],[-48.158514,-19.157892999999898],[-48.15781,-19.157816],[-48.15708,-19.157692999999899],[-48.156449,-19.157637],[-48.155938999999897,-19.157602],[-48.155336,-19.157707],[-48.154853,-19.157809999999898],[-48.154299,-19.157937],[-48.153793999999898,-19.158109],[-48.153311,-19.158165],[-48.152636,-19.158295],[-48.152204,-19.158465],[-48.151693,-19.158407],[-48.151204,-19.158186999999899],[-48.150619999999897,-19.158085],[-48.150016999999899,-19.158213],[-48.149512,-19.158385],[-48.149155999999898,-19.158692],[-48.148875,-19.159112],[-48.148693,-19.159622],[-48.14851,-19.160087],[-48.148229,-19.160484],[-48.147732,-19.160979],[-48.147305,-19.161356],[-48.146901,-19.16171],[-48.146398,-19.161928],[-48.146093999999898,-19.162395],[-48.145815,-19.162908],[-48.145708,-19.163509],[-48.145502,-19.16402],[-48.145513,-19.164503],[-48.145427,-19.164942],[-48.145273,-19.165613],[-48.145027,-19.16647],[-48.144655,-19.167145999999899],[-48.144498999999897,-19.167702],[-48.144365999999899,-19.168235],[-48.144133,-19.168630999999898],[-48.143949,-19.169049],[-48.143667,-19.169424],[-48.143259999999898,-19.16964],[-48.142831,-19.169948],[-48.142282,-19.170305],[-48.141708999999899,-19.170663],[-48.141253999999897,-19.170903],[-48.140823,-19.171119],[-48.140244,-19.171201],[-48.139519,-19.171308],[-48.138819,-19.171415],[-48.138219,-19.171658],[-48.137763999999898,-19.171897999999899],[-48.137433,-19.172251],[-48.137052,-19.172535],[-48.136501,-19.172799999999899],[-48.136071,-19.173063],[-48.13533,-19.173493],[-48.134899,-19.173686],[-48.134349,-19.173997],[-48.133654,-19.174333999999899],[-48.133322,-19.174641],[-48.132773,-19.174998],[-48.132269999999899,-19.175262],[-48.131863,-19.175477999999899],[-48.131408,-19.175718],[-48.131008,-19.17621],[-48.130727,-19.176607],[-48.130396,-19.176983],[-48.130163,-19.177379],[-48.130031,-19.177934],[-48.13014,-19.178462],[-48.130081,-19.179039],[-48.129652,-19.179324],[-48.129168999999898,-19.179403],[-48.128251,-19.179515],[-48.125974,-19.179563],[-48.125343,-19.179507999999899],[-48.124035,-19.179534999999898],[-48.123431,-19.17964],[-48.122926,-19.179789],[-48.122346,-19.179870999999899],[-48.121839,-19.179927],[-48.121381,-19.180052],[-48.120898,-19.180109],[-48.120272,-19.180306],[-48.119764,-19.180316999999899],[-48.119203,-19.180191],[-48.118691,-19.180063],[-48.118104,-19.179799],[-48.117491,-19.179489999999898],[-48.117024,-19.179247],[-48.116654,-19.178955],[-48.116165,-19.178781],[-48.115457,-19.178519999999899],[-48.114769,-19.178143],[-48.114231,-19.177947],[-48.113762999999899,-19.177612],[-48.113200999999897,-19.177392999999899],[-48.112135,-19.177416],[-48.111533999999899,-19.177636],[-48.110958,-19.177855],[-48.110528,-19.178141],[-48.110022,-19.178244],[-48.109368,-19.17828],[-48.108882999999899,-19.178245],[-48.108184,-19.178398],[-48.107564,-19.178825],[-48.107211,-19.17927],[-48.106808,-19.179669999999899],[-48.106723,-19.180155],[-48.10654,-19.180643],[-48.106453,-19.181082],[-48.10627,-19.181523],[-48.106062999999899,-19.181988],[-48.105927999999899,-19.182452],[-48.105894,-19.183051],[-48.106146,-19.18346],[-48.106445,-19.183822],[-48.106792,-19.184137],[-48.107233999999899,-19.184427],[-48.107628,-19.184672],[-48.108046,-19.18494],[-48.108392,-19.185232],[-48.108862,-19.185635999999899],[-48.109235,-19.18602],[-48.109581999999897,-19.186357999999899],[-48.110005999999899,-19.186878],[-48.110476999999896,-19.187329],[-48.110876,-19.187827],[-48.111128999999899,-19.188282],[-48.111432,-19.188782],[-48.111877999999898,-19.189187],[-48.112129,-19.189574],[-48.11226,-19.190008],[-48.112466,-19.19051],[-48.112478,-19.19104],[-48.112344,-19.191503],[-48.112062,-19.191877],[-48.111611,-19.192301],[-48.11121,-19.19277],[-48.110693,-19.193449],[-48.110318,-19.194009999999899],[-48.109752,-19.194643],[-48.109445999999899,-19.195041],[-48.109213,-19.195438],[-48.108931,-19.195812],[-48.108553,-19.196234],[-48.108176,-19.196703],[-48.107776,-19.197218],[-48.1074,-19.197709],[-48.107142,-19.198083],[-48.106842,-19.198733999999899],[-48.106561999999897,-19.199201],[-48.106238,-19.199829],[-48.105885,-19.200297],[-48.10553,-19.200672999999899],[-48.105249,-19.20107],[-48.104726,-19.201496],[-48.104329,-19.202149],[-48.103903,-19.202618],[-48.103409,-19.20325],[-48.103152,-19.203647],[-48.102874,-19.204183],[-48.102477,-19.204859],[-48.102128999999898,-19.205510999999898],[-48.101703,-19.205934],[-48.101396,-19.206286],[-48.100967,-19.206617999999899],[-48.10049,-19.20695],[-48.099487,-19.20757],[-48.09908,-19.207785999999899],[-48.098699,-19.20807],[-48.098318999999897,-19.2084],[-48.097774,-19.208964],[-48.097129,-19.209369],[-48.096677999999898,-19.209769999999899],[-48.096346,-19.210076],[-48.095918,-19.210408],[-48.095321,-19.210812],[-48.094988999999899,-19.211118],[-48.09447,-19.211751],[-48.094116,-19.21215],[-48.093788,-19.21264],[-48.093432,-19.212969999999899],[-48.093077,-19.213323],[-48.092544,-19.213311],[-48.091937,-19.213277999999899],[-48.09145,-19.213196],[-48.091018,-19.213366],[-48.090761,-19.213786],[-48.090405,-19.214116],[-48.090024,-19.2144],[-48.089644,-19.21473],[-48.089289,-19.215105999999899],[-48.088811,-19.215392],[-48.08833,-19.215564],[-48.087858,-19.215418],[-48.088188,-19.215682],[-48.0883122,-19.2157882],[-48.088608,-19.216041],[-48.088954999999899,-19.216356],[-48.089302,-19.216695],[-48.089482,-19.217127999999899],[-48.08964,-19.217701],[-48.089677,-19.218229],[-48.08964,-19.218714],[-48.089266,-19.21932],[-48.089228999999897,-19.219827],[-48.089434,-19.220306999999899],[-48.089971999999896,-19.22048],[-48.09046,-19.220653],[-48.090807,-19.220969],[-48.090818,-19.221452],[-48.090951,-19.221933],[-48.091229999999896,-19.222456],[-48.091505,-19.222819],[-48.091541,-19.223325],[-48.091283,-19.223722],[-48.091125,-19.224208],[-48.090942,-19.224673],[-48.090928,-19.225134],[-48.090987,-19.225593],[-48.091241,-19.226094],[-48.091302,-19.226599],[-48.091288,-19.227059999999899],[-48.091372,-19.227519],[-48.091599,-19.227905],[-48.092066,-19.228195],[-48.092579999999899,-19.228390999999899],[-48.092784,-19.228825],[-48.092427,-19.229130999999899],[-48.092023,-19.229462],[-48.091572,-19.229863],[-48.091218,-19.230308],[-48.091158999999898,-19.230861999999899],[-48.09117,-19.231345],[-48.090912,-19.231718999999899],[-48.090556999999897,-19.232118],[-48.090275,-19.232469],[-48.090067,-19.232910999999898],[-48.089685,-19.233172],[-48.089526,-19.233636],[-48.089537,-19.234096],[-48.089813,-19.234482],[-48.090112,-19.234867],[-48.090295,-19.235439],[-48.090063,-19.235858],[-48.08976,-19.236371],[-48.08926,-19.236796],[-48.089270999999897,-19.237255999999899],[-48.089599,-19.237825],[-48.089488,-19.238265],[-48.089137999999899,-19.238825],[-48.088884,-19.23936],[-48.088481,-19.23976],[-48.087927,-19.239909],[-48.087595,-19.240216],[-48.087122,-19.240732],[-48.086658999999898,-19.24065],[-48.0861,-19.240592],[-48.085472,-19.240675],[-48.085068,-19.241028],[-48.0850386,-19.241055199999899],[-48.084736,-19.241335],[-48.084155,-19.241393],[-48.083602,-19.241589],[-48.083118,-19.241622],[-48.082691,-19.242022],[-48.082360999999899,-19.24242],[-48.082128,-19.242816999999899],[-48.08187,-19.243214],[-48.081663999999897,-19.243724],[-48.081332,-19.244031],[-48.080782999999897,-19.244388],[-48.080135,-19.2447],[-48.079728,-19.244916],[-48.079296,-19.245086],[-48.078739,-19.245121],[-48.078260999999898,-19.245407],[-48.077784999999899,-19.245786],[-48.077454,-19.246138],[-48.076976,-19.246469999999899],[-48.076464,-19.246343],[-48.075896999999898,-19.245917],[-48.075814,-19.245482],[-48.075851,-19.244974],[-48.076034999999898,-19.244556],[-48.076313,-19.243975],[-48.076181,-19.243517],[-48.075929,-19.243130999999899],[-48.075243,-19.2428],[-48.074755,-19.242649],[-48.074314,-19.242451],[-48.07411,-19.24204],[-48.073834,-19.241609],[-48.073487,-19.241294],[-48.07285,-19.241008],[-48.07197,-19.240704],[-48.07119,-19.240513],[-48.070703,-19.240407999999899],[-48.070217,-19.240349],[-48.069705,-19.240244],[-48.068953,-19.240191],[-48.068468,-19.240201],[-48.067937,-19.240281],[-48.067289,-19.240593999999899],[-48.066833,-19.240788],[-48.065906,-19.240531],[-48.065345,-19.240358],[-48.064938,-19.240597],[-48.064534,-19.240951],[-48.063861,-19.241171999999899],[-48.063420999999899,-19.241019999999899],[-48.062838,-19.240963],[-48.062275,-19.240745],[-48.061762,-19.240593999999899],[-48.061322,-19.240396],[-48.060812999999897,-19.240407],[-48.060326,-19.240324999999899],[-48.059792,-19.24029],[-48.059233999999897,-19.240255],[-48.057877,-19.240284],[-48.057294,-19.24025],[-48.056713,-19.240262],[-48.056202,-19.24018],[-48.05564,-19.239985],[-48.055199,-19.23981],[-48.054738,-19.23975],[-48.054038999999896,-19.239926],[-48.053707,-19.240278],[-48.053375,-19.240584],[-48.053021,-19.241006],[-48.05239,-19.240973],[-48.051857,-19.240984],[-48.051322,-19.240925999999899],[-48.050739,-19.240846],[-48.050275999999897,-19.240741],[-48.049766,-19.240704999999899],[-48.049264,-19.240991999999899],[-48.048616,-19.241282],[-48.047942,-19.241503],[-48.047485,-19.241651],[-48.047128,-19.241934],[-48.046821,-19.242286],[-48.046759,-19.242771],[-48.046229,-19.242897],[-48.045649,-19.242978],[-48.045092,-19.24299],[-48.044507,-19.242864],[-48.044182,-19.242456],[-48.043833999999897,-19.242072],[-48.043373,-19.242034999999898],[-48.04294,-19.242205],[-48.042288,-19.242288],[-48.041801,-19.242183],[-48.041289,-19.242055],[-48.040858,-19.242318],[-48.040374,-19.242328],[-48.039765,-19.242225],[-48.03901,-19.242034],[-48.038261,-19.242141],[-48.037658,-19.242292],[-48.037197999999897,-19.242324],[-48.036541,-19.2422],[-48.035859,-19.242052999999899],[-48.03535,-19.242063],[-48.034794,-19.242121],[-48.034307,-19.242039],[-48.033820999999897,-19.242003],[-48.033392,-19.242288],[-48.032936,-19.242504999999898],[-48.032604,-19.242811],[-48.032172,-19.243026999999898],[-48.031765,-19.243242],[-48.031281,-19.243251999999899],[-48.030577,-19.243244],[-48.029967,-19.243071999999898],[-48.029508,-19.243105],[-48.028902,-19.243116999999899],[-48.028419,-19.243196],[-48.027988999999899,-19.243482],[-48.027805,-19.2439],[-48.027323,-19.244025],[-48.027015999999897,-19.244399999999899],[-48.026761,-19.244888],[-48.026303,-19.245013],[-48.025971,-19.245342],[-48.025788,-19.245806],[-48.025458,-19.246228],[-48.025152999999897,-19.246671],[-48.024746999999898,-19.246933],[-48.024244,-19.247174],[-48.023715,-19.247369],[-48.023209999999899,-19.247563],[-48.022731,-19.247826],[-48.022301,-19.248110999999898],[-48.021679999999897,-19.248515999999899],[-48.021301,-19.248892],[-48.020896999999898,-19.249246],[-48.020542,-19.249621],[-48.02021,-19.24995],[-48.019855999999898,-19.250372],[-48.019092,-19.250894],[-48.018637,-19.251111],[-48.017643,-19.251131],[-48.017138,-19.25128],[-48.016761,-19.251771],[-48.016578,-19.252258],[-48.01605,-19.252499],[-48.015489,-19.25235],[-48.015025,-19.252175],[-48.014438,-19.251957],[-48.013801,-19.251670999999899],[-48.013291,-19.251612],[-48.012862,-19.251943],[-48.012222,-19.252578],[-48.011724,-19.253049],[-48.011219,-19.253243],[-48.010756,-19.253138],[-48.010196,-19.253034],[-48.009728,-19.252698],[-48.009332,-19.252338],[-48.008775,-19.25235],[-48.008315,-19.252405],[-48.007810999999897,-19.2526],[-48.007379,-19.252793],[-48.006703,-19.252945],[-48.006239999999899,-19.252838999999899],[-48.005563,-19.252876],[-48.005031,-19.252956],[-48.004382,-19.253176],[-48.003682,-19.253329],[-48.003103,-19.253456],[-48.002696,-19.253671],[-48.001933,-19.25424],[-48.001405,-19.254480999999899],[-48.000999,-19.254742],[-48.000447,-19.254961],[-47.999826,-19.255402],[-47.999643999999897,-19.255835999999899],[-47.999217,-19.256715],[-47.999100999999897,-19.257176],[-47.999080999999897,-19.257635999999899],[-47.998916999999899,-19.258167],[-47.998728,-19.258606],[-47.998443,-19.259160999999899],[-47.998157,-19.259601],[-47.997579,-19.259996999999899],[-47.99717,-19.260277],[-47.996712,-19.260511],[-47.996327999999899,-19.260791],[-47.995967,-19.261093],[-47.995533,-19.261327999999899],[-47.995247,-19.261721],[-47.994838,-19.262047],[-47.994601,-19.26251],[-47.994339,-19.262949],[-47.994174,-19.263411],[-47.99396,-19.263849999999898],[-47.99382,-19.264335],[-47.99368,-19.264888],[-47.993685,-19.265348],[-47.993811,-19.265853],[-47.993817,-19.266452],[-47.993847,-19.266956999999898],[-47.993924,-19.267394],[-47.993977,-19.267831],[-47.994055,-19.268428],[-47.994085,-19.26898],[-47.994111,-19.271465],[-47.99414,-19.271994],[-47.994152,-19.273098],[-47.993988,-19.273675],[-47.993847,-19.274113],[-47.993536999999897,-19.274554],[-47.993201,-19.274925],[-47.992768,-19.275228],[-47.992432,-19.275552999999899],[-47.992120999999898,-19.275901],[-47.991665,-19.276319999999899],[-47.991207,-19.276623],[-47.990896,-19.276971],[-47.990561,-19.277342],[-47.990248999999899,-19.277712999999899],[-47.989962999999896,-19.278107],[-47.989342,-19.279033],[-47.988335999999897,-19.280216],[-47.987881,-19.28068],[-47.987547,-19.281189],[-47.987234999999899,-19.281514],[-47.986826999999899,-19.281908999999899],[-47.98642,-19.282373],[-47.986085,-19.282837],[-47.985774999999897,-19.2833],[-47.985585,-19.283716],[-47.985493,-19.284177],[-47.985498,-19.28466],[-47.985528,-19.285211999999898],[-47.985557,-19.285695],[-47.985587,-19.286200999999899],[-47.985598,-19.287327999999899],[-47.985627,-19.287788],[-47.985729999999897,-19.288339],[-47.985808,-19.288868],[-47.986006,-19.289326],[-47.986279,-19.289922],[-47.986477,-19.290334],[-47.98687,-19.290906],[-47.987117,-19.291318],[-47.987462999999899,-19.291936],[-47.987758,-19.292393],[-47.987980999999898,-19.292850999999899],[-47.988012,-19.293495],[-47.988187,-19.294023],[-47.988459,-19.29455],[-47.988633,-19.295008],[-47.98876,-19.295582],[-47.988813,-19.296019],[-47.988842,-19.296502],[-47.988920999999898,-19.297145999999898],[-47.989047,-19.297605],[-47.989294,-19.298016],[-47.989395,-19.298452999999899],[-47.989522,-19.299004],[-47.98965,-19.299647],[-47.989679,-19.30013],[-47.989708999999898,-19.303052],[-47.989668,-19.303764999999899],[-47.989533,-19.304825],[-47.989465,-19.305286],[-47.989396999999897,-19.30577],[-47.989282,-19.3063],[-47.989192,-19.306991],[-47.989125,-19.307566999999899],[-47.989106,-19.30805],[-47.989061999999898,-19.308534],[-47.989019,-19.309087],[-47.989025,-19.309662],[-47.988983,-19.310237],[-47.98889,-19.310676],[-47.988726,-19.311183],[-47.988464,-19.311623],[-47.988152,-19.311948],[-47.987794999999899,-19.312549],[-47.987507999999899,-19.313012],[-47.987246,-19.313429],[-47.98696,-19.313869],[-47.986721,-19.314262],[-47.986412,-19.314816999999898],[-47.986223,-19.315302],[-47.98596,-19.315673],[-47.985771999999898,-19.316181],[-47.985534,-19.316665999999898],[-47.985321999999897,-19.317243],[-47.98523,-19.317704],[-47.985089,-19.318189],[-47.984924,-19.318604],[-47.984783999999898,-19.319112],[-47.984668,-19.319641999999899],[-47.984503,-19.32015],[-47.984363,-19.320611],[-47.984051,-19.320959],[-47.98374,-19.321352999999899],[-47.983357,-19.321817],[-47.982997,-19.322212],[-47.982734999999899,-19.322628],[-47.982497,-19.323022],[-47.982211999999898,-19.323622999999898],[-47.982023,-19.324084],[-47.981738,-19.324662],[-47.981501,-19.325217],[-47.981167,-19.325726],[-47.980968699999899,-19.3260088],[-47.980761,-19.326304999999898],[-47.980378,-19.326815],[-47.980043,-19.327209],[-47.979779999999899,-19.327603],[-47.979495,-19.32818],[-47.979185,-19.328689],[-47.978851,-19.329153],[-47.978613,-19.329591999999899],[-47.978229999999897,-19.330079],[-47.977749,-19.330474],[-47.977292,-19.330824],[-47.976932,-19.331126],[-47.97645,-19.331384],[-47.975968,-19.33171],[-47.975558,-19.331921],[-47.97498,-19.332225999999899],[-47.974497,-19.332483],[-47.973992,-19.332809999999899],[-47.973509,-19.332998],[-47.972808,-19.333234999999899],[-47.972301,-19.333424],[-47.971818,-19.333589],[-47.971263,-19.333777999999899],[-47.970464999999898,-19.334016],[-47.969837,-19.334205999999899],[-47.969110999999899,-19.334373],[-47.968434,-19.334494],[-47.96795,-19.334613999999899],[-47.967466,-19.334687],[-47.966959,-19.334853],[-47.966499999999897,-19.335041],[-47.966017,-19.335253],[-47.965559,-19.335441],[-47.965331,-19.335526],[-47.965052,-19.33563],[-47.964472,-19.335842],[-47.9640115,-19.336021899999899],[-47.963867999999898,-19.336078],[-47.963434,-19.336243],[-47.962854999999898,-19.336524],[-47.962396,-19.336712],[-47.96189,-19.336993],[-47.961261,-19.337136999999899],[-47.960753,-19.337188],[-47.960171,-19.337193],[-47.959637,-19.337152],[-47.959151,-19.337041],[-47.958616,-19.336815999999899],[-47.958030999999899,-19.336521999999899],[-47.957567,-19.336181],[-47.9572,-19.335839],[-47.956882,-19.33552],[-47.95649,-19.335155],[-47.955977,-19.334792],[-47.955635,-19.33445],[-47.95534,-19.334061],[-47.955045,-19.333696],[-47.954653,-19.333238999999899],[-47.95431,-19.332850999999899],[-47.954015,-19.332509],[-47.953744,-19.332051],[-47.953498,-19.331639],[-47.953347,-19.331157],[-47.953415,-19.330696],[-47.953314,-19.330237],[-47.953186,-19.329594],[-47.953107,-19.32895],[-47.953005,-19.328491],[-47.952758,-19.32801],[-47.952414,-19.32753],[-47.952046,-19.327119],[-47.951677,-19.32657],[-47.951478,-19.326043],[-47.951229,-19.325354999999899],[-47.951151,-19.324826],[-47.951073,-19.324344],[-47.951069,-19.323883],[-47.951161,-19.323398999999899],[-47.951276999999898,-19.322938],[-47.951297,-19.322478],[-47.951292,-19.322018],[-47.951214999999898,-19.321558],[-47.951138,-19.321122],[-47.95082,-19.320802],[-47.950573,-19.320413],[-47.950279,-19.320070999999899],[-47.950008,-19.319658999999898],[-47.949736,-19.319132],[-47.949512,-19.318513],[-47.949336,-19.317916],[-47.949307,-19.317363999999898],[-47.949326,-19.316858],[-47.949199,-19.31633],[-47.949073999999897,-19.315894],[-47.948972,-19.315389],[-47.948821,-19.314815],[-47.948597,-19.314287],[-47.948301,-19.313738],[-47.948078,-19.313257],[-47.947854999999898,-19.312752],[-47.947606999999898,-19.312248],[-47.947408,-19.311721],[-47.947207999999897,-19.311079],[-47.947008,-19.310505],[-47.946883,-19.310068999999899],[-47.946859,-19.307676],[-47.946901,-19.307008],[-47.946969,-19.306548],[-47.947037,-19.30611],[-47.947127,-19.305396],[-47.947216,-19.304659],[-47.947283,-19.304082999999899],[-47.947348,-19.303277],[-47.947462,-19.302539],[-47.947578,-19.302008999999899],[-47.947645,-19.301479],[-47.947713,-19.300971999999899],[-47.947755,-19.300374],[-47.947823,-19.299821],[-47.947914,-19.299245],[-47.947932,-19.298669],[-47.94783,-19.298141],[-47.947898,-19.297634],[-47.947942,-19.297197],[-47.94813,-19.296643],[-47.948246,-19.296157999999899],[-47.948435,-19.295674],[-47.948528,-19.295236],[-47.948572,-19.294798],[-47.948568,-19.294338],[-47.948514,-19.293786],[-47.948315,-19.293282],[-47.94802,-19.292846999999899],[-47.947532,-19.292528999999899],[-47.947164,-19.292072],[-47.946796,-19.291707],[-47.946381,-19.291366],[-47.945893,-19.290979],[-47.945477,-19.290614999999899],[-47.944988,-19.290228],[-47.944522999999897,-19.289749],[-47.944252999999897,-19.289359999999899],[-47.943911,-19.289064],[-47.943421999999899,-19.288677],[-47.943032,-19.288405],[-47.942568,-19.288133],[-47.942081,-19.287884],[-47.941496,-19.287544],[-47.941057999999899,-19.287295],[-47.940619,-19.287069],[-47.940179,-19.286704999999898],[-47.939398,-19.286067],[-47.938859,-19.285543],[-47.938442,-19.284994],[-47.938049,-19.284468999999898],[-47.93756,-19.284013],[-47.937193,-19.283648],[-47.936899,-19.283304999999899],[-47.936555999999896,-19.282986],[-47.936141,-19.282644999999899],[-47.935678,-19.282419],[-47.93524,-19.282262],[-47.93473,-19.282104999999898],[-47.934147,-19.281972],[-47.933686,-19.281883999999899],[-47.933103,-19.281751],[-47.932688,-19.281479],[-47.932322,-19.28116],[-47.931954,-19.280749],[-47.931636,-19.280407],[-47.931074,-19.279998],[-47.930636,-19.279794],[-47.93005,-19.279384999999898],[-47.929636,-19.279181999999899],[-47.929246,-19.278908999999899],[-47.928904,-19.27859],[-47.928391,-19.27825],[-47.927951999999898,-19.277931],[-47.927634,-19.277612],[-47.927388,-19.277223],[-47.927333,-19.276556],[-47.927328,-19.276096],[-47.927348,-19.275636],[-47.927561,-19.275103999999899],[-47.9277,-19.274505],[-47.927793,-19.274066999999899],[-47.928103,-19.273604],[-47.928513,-19.273323999999899],[-47.928775,-19.272862],[-47.928745999999897,-19.272424999999899],[-47.928524,-19.272035],[-47.928835999999897,-19.271664999999899],[-47.929344,-19.27166],[-47.929853,-19.271633],[-47.930360999999898,-19.271582],[-47.930722,-19.271256999999899],[-47.930717,-19.270796],[-47.930494,-19.270291999999898],[-47.930125,-19.269766],[-47.929831,-19.269424],[-47.929437999999898,-19.268875],[-47.92931,-19.26814],[-47.9293072,-19.267867399999901],[-47.929302999999898,-19.267449],[-47.929395999999898,-19.267011],[-47.929561,-19.266573],[-47.929605,-19.266112],[-47.929214,-19.265839],[-47.928754,-19.265821],[-47.928247999999897,-19.266078],[-47.927863,-19.266427],[-47.927381,-19.266614999999899],[-47.926895,-19.266573],[-47.926434,-19.266438999999899],[-47.925876,-19.266375],[-47.925367,-19.266357],[-47.924762,-19.266477],[-47.924059,-19.266368],[-47.923499999999898,-19.266281],[-47.922966,-19.266102],[-47.922261999999897,-19.266016],[-47.921728,-19.265952],[-47.921244,-19.265933],[-47.92071,-19.265937999999899],[-47.920224,-19.265781],[-47.919764,-19.265739],[-47.918625,-19.265749],[-47.918067999999899,-19.265777],[-47.917608,-19.265826999999899],[-47.917147999999898,-19.265899999999899],[-47.916592,-19.265974],[-47.916012,-19.266209],[-47.915529,-19.266375],[-47.91507,-19.266517],[-47.914490999999899,-19.266706],[-47.913937,-19.267033],[-47.913502999999899,-19.267267],[-47.913142,-19.267569],[-47.912757,-19.267872],[-47.912252,-19.268267],[-47.911966,-19.268684],[-47.91163,-19.269032],[-47.911367,-19.269426],[-47.91096,-19.269889],[-47.910648,-19.27026],[-47.91012,-19.270748],[-47.909641,-19.271304999999899],[-47.909232,-19.271676],[-47.908872,-19.271956],[-47.908391,-19.272397],[-47.907958,-19.272654],[-47.907424999999897,-19.272659],[-47.906866,-19.272479],[-47.906162,-19.272371],[-47.905747,-19.272121],[-47.905357,-19.271802],[-47.905173499999897,-19.2716194999999],[-47.904989999999898,-19.271436999999899],[-47.904742999999897,-19.270979],[-47.904422,-19.270407],[-47.904151,-19.269925999999899],[-47.903855,-19.269376],[-47.903584,-19.268918],[-47.903433999999898,-19.268459],[-47.903308,-19.267908],[-47.903204,-19.267242],[-47.903101999999897,-19.266668],[-47.903024,-19.266116],[-47.902995,-19.265679],[-47.902942,-19.265196],[-47.902937,-19.264621],[-47.902957,-19.264184],[-47.903072,-19.263538],[-47.903138,-19.262916],[-47.903255,-19.262432],[-47.903346999999897,-19.261971],[-47.903438999999899,-19.261486999999899],[-47.903604,-19.260933],[-47.903838999999898,-19.260241],[-47.904003,-19.259618],[-47.904094,-19.259065],[-47.904259,-19.258510999999899],[-47.904423,-19.257981],[-47.904564,-19.257473],[-47.904679,-19.25692],[-47.904845,-19.256458],[-47.905034,-19.256019],[-47.905224,-19.255603999999899],[-47.905437,-19.255095],[-47.905651,-19.254702],[-47.906033,-19.254124],[-47.906366999999896,-19.253592],[-47.906678,-19.253128999999898],[-47.90694,-19.25262],[-47.907199999999897,-19.25202],[-47.907291,-19.251397999999899],[-47.907333999999899,-19.250776],[-47.90745,-19.250315],[-47.907517,-19.249739],[-47.907634,-19.249254],[-47.907749,-19.248632],[-47.907816,-19.248102],[-47.907908,-19.247571999999899],[-47.907952,-19.247112],[-47.907996,-19.246628],[-47.908016,-19.246168],[-47.90806,-19.245707],[-47.908103,-19.2452],[-47.908121999999899,-19.244671],[-47.908166,-19.244141],[-47.908183999999899,-19.243565999999898],[-47.908202,-19.242875],[-47.908414,-19.242275],[-47.908652,-19.241813],[-47.908963,-19.241419],[-47.909419,-19.241001],[-47.909803,-19.240629],[-47.910115,-19.240281],[-47.910642,-19.239702],[-47.911048999999899,-19.239145999999899],[-47.911335,-19.238683],[-47.911718,-19.238173],[-47.91198,-19.23778],[-47.912292,-19.237409],[-47.912628,-19.237061],[-47.912962999999898,-19.23669],[-47.913196,-19.235767],[-47.913216,-19.235284],[-47.913184999999899,-19.234617],[-47.913132,-19.234157],[-47.913201,-19.233696],[-47.913384,-19.232682],[-47.913452,-19.232152],[-47.913519999999899,-19.231715],[-47.91354,-19.231254],[-47.913584,-19.230816999999899],[-47.91358,-19.230333],[-47.913598,-19.229758],[-47.913642,-19.229228],[-47.913610999999896,-19.228607],[-47.913534,-19.228102],[-47.913505,-19.227642],[-47.913485,-19.225617],[-47.913432,-19.225088],[-47.913331,-19.224629],[-47.913277,-19.224077],[-47.913175,-19.223595],[-47.912927,-19.222975],[-47.912703,-19.222355999999898],[-47.912433,-19.221967],[-47.912258999999899,-19.221555],[-47.911939,-19.220982],[-47.911596,-19.220571],[-47.911228,-19.22016],[-47.910958,-19.219748],[-47.910711999999897,-19.219335999999899],[-47.91017,-19.218466],[-47.9099,-19.218077999999899],[-47.909605,-19.217643],[-47.909188,-19.217117],[-47.908918,-19.216750999999899],[-47.908501,-19.216157],[-47.908032999999897,-19.215378999999899],[-47.907688999999898,-19.214897999999899],[-47.907223,-19.214304],[-47.906758,-19.213825],[-47.906345,-19.213621],[-47.906123,-19.213231999999898],[-47.905709,-19.213006],[-47.905223,-19.212848999999899],[-47.904784999999897,-19.212668],[-47.904298,-19.212397],[-47.903785,-19.211964],[-47.90349,-19.211552],[-47.903413,-19.21107],[-47.903433,-19.210632],[-47.903695,-19.210169999999898],[-47.903908999999899,-19.209777],[-47.904196,-19.209336999999898],[-47.904532,-19.208989],[-47.904721,-19.208573],[-47.904862,-19.208112],[-47.905052,-19.20765],[-47.905217,-19.207234],[-47.905431,-19.206795],[-47.905694,-19.206424],[-47.906028999999897,-19.206029999999899],[-47.906073,-19.205593],[-47.905996,-19.205133],[-47.906064,-19.204603],[-47.906424,-19.204301],[-47.906687,-19.203931],[-47.906828,-19.203492],[-47.9068,-19.203055],[-47.906649,-19.202527],[-47.906545999999899,-19.201861],[-47.906931,-19.201558],[-47.907071,-19.201028],[-47.906897,-19.200592],[-47.906747,-19.200109999999899],[-47.906549,-19.199675],[-47.906205,-19.199102],[-47.905909999999899,-19.198691],[-47.905518,-19.198257],[-47.905176,-19.197892],[-47.904857999999898,-19.197572],[-47.904562999999897,-19.197137999999899],[-47.904606,-19.196631],[-47.904699,-19.196193],[-47.904791,-19.195686],[-47.904834999999899,-19.195201999999899],[-47.904829999999897,-19.194673],[-47.904946,-19.194212],[-47.905304,-19.193588],[-47.905275,-19.193127999999898],[-47.905222,-19.192622],[-47.90529,-19.192184],[-47.905431,-19.191723],[-47.905378,-19.191285999999899],[-47.905374,-19.190826],[-47.905417999999898,-19.190387999999899],[-47.905754,-19.19004],[-47.906188,-19.189806],[-47.90667,-19.189571999999899],[-47.906932,-19.189178],[-47.907025,-19.18874],[-47.90719,-19.188256],[-47.90733,-19.187748],[-47.907326,-19.187288],[-47.907272,-19.186736],[-47.907049,-19.186209],[-47.907021,-19.185748999999898],[-47.907015999999899,-19.185289],[-47.907108,-19.184759],[-47.907439,-19.183927],[-47.907578999999899,-19.183397],[-47.907671999999899,-19.182959],[-47.907837,-19.182497],[-47.908025,-19.181943],[-47.908141,-19.18139],[-47.90816,-19.180813999999899],[-47.908228,-19.180331],[-47.908416,-19.1798],[-47.908605,-19.179315],[-47.908844,-19.178922],[-47.909057,-19.178413],[-47.909077,-19.177952999999899],[-47.909145,-19.177515],[-47.909188,-19.176986],[-47.909111,-19.17648],[-47.908889,-19.176091],[-47.908739,-19.175609],[-47.908492,-19.175105],[-47.908536,-19.174644],[-47.908603,-19.174068],[-47.908623,-19.173631],[-47.908594,-19.173102],[-47.908686,-19.172618],[-47.908899,-19.172087],[-47.909304,-19.171416],[-47.909518999999896,-19.171022999999899],[-47.909560999999897,-19.170424],[-47.909774,-19.16987],[-47.909745,-19.169433],[-47.909765,-19.168996],[-47.909760999999897,-19.168513],[-47.910047,-19.168026999999899],[-47.910309,-19.167633],[-47.910328,-19.167081],[-47.910324,-19.166621],[-47.910465,-19.166159],[-47.910581,-19.165698],[-47.910745,-19.165074999999899],[-47.910908999999897,-19.164568],[-47.91122,-19.164105],[-47.91153,-19.163665],[-47.911817,-19.163271],[-47.912129,-19.162946],[-47.912318,-19.162461],[-47.912604,-19.161976],[-47.913037,-19.161673],[-47.913129,-19.161212],[-47.91322,-19.16059],[-47.913457999999899,-19.160127],[-47.913769,-19.159756],[-47.914178999999898,-19.159546],[-47.914295,-19.159084],[-47.91448,-19.158207999999899],[-47.914693999999898,-19.157769],[-47.915128,-19.157581],[-47.915636999999897,-19.157577],[-47.916142,-19.157274],[-47.916089999999897,-19.156837],[-47.916108999999899,-19.156353],[-47.916103,-19.155755],[-47.916026,-19.155319],[-47.915968,-19.154261],[-47.915866,-19.153755],[-47.9157542,-19.1535223],[-47.915668,-19.153343],[-47.915543,-19.152907],[-47.915441,-19.152377999999899],[-47.915436999999898,-19.151918],[-47.915456999999897,-19.151481],[-47.915596,-19.150904],[-47.915615,-19.150329],[-47.915599,-19.148626],[-47.915813,-19.148233],[-47.916197,-19.147884],[-47.916652999999897,-19.147512],[-47.916964999999898,-19.147164],[-47.917324,-19.14677],[-47.917368,-19.146309],[-47.916857,-19.146061],[-47.916732,-19.145625],[-47.916677,-19.144935],[-47.916551,-19.14443],[-47.916329,-19.144017],[-47.916227999999897,-19.143581],[-47.916368,-19.143028],[-47.916581999999899,-19.142634999999899],[-47.91682,-19.142172],[-47.917034,-19.141779],[-47.917394,-19.1415],[-47.917855,-19.141542],[-47.918362,-19.141422],[-47.918891,-19.140981],[-47.919103999999898,-19.140565],[-47.919075,-19.140059],[-47.919047,-19.139599],[-47.918993999999898,-19.139115999999898],[-47.919013,-19.138586],[-47.919079,-19.137918],[-47.919413,-19.137455],[-47.919992,-19.137243],[-47.920108,-19.136667],[-47.920176,-19.136206],[-47.920269,-19.135767999999899],[-47.919999,-19.135402],[-47.920212999999897,-19.135009],[-47.920598,-19.13473],[-47.920304,-19.134387],[-47.919744,-19.13407],[-47.919305,-19.133728],[-47.91913,-19.133223999999899],[-47.919027,-19.132557],[-47.918926,-19.132075],[-47.918655999999899,-19.131709],[-47.918408,-19.131159],[-47.917994,-19.130863],[-47.917772,-19.130474],[-47.917744,-19.130014],[-47.917787,-19.129438999999898],[-47.918025,-19.129022],[-47.918507,-19.128788],[-47.918768999999898,-19.128395],[-47.91862,-19.127959],[-47.918615,-19.127498],[-47.918585999999898,-19.126946],[-47.918532,-19.126372],[-47.918478,-19.12582],[-47.918377,-19.12536],[-47.918227,-19.124902],[-47.918053,-19.124443],[-47.917927,-19.123938],[-47.91785,-19.123409],[-47.917819999999899,-19.12288],[-47.917791,-19.122397],[-47.917689,-19.121823],[-47.917465999999898,-19.121249],[-47.917194,-19.120698999999899],[-47.916919999999898,-19.119919],[-47.916697,-19.119368999999899],[-47.916449999999898,-19.118865],[-47.916252,-19.11843],[-47.915956,-19.117857],[-47.915686,-19.117422],[-47.915633,-19.116985],[-47.915626,-19.116295],[-47.915743,-19.115856999999899],[-47.915763,-19.115419],[-47.915493,-19.115053],[-47.9152,-19.114711],[-47.914663,-19.114301],[-47.913834999999899,-19.113756],[-47.913660999999898,-19.113343999999898],[-47.91373,-19.112906],[-47.913895,-19.11249],[-47.91406,-19.111982],[-47.914102,-19.111360999999899],[-47.914001,-19.110878],[-47.913609999999899,-19.11056],[-47.913171,-19.110218],[-47.912974,-19.109805999999899],[-47.912728,-19.109371],[-47.912335,-19.108845],[-47.911529,-19.108092],[-47.911187,-19.107796],[-47.91094,-19.107246],[-47.910863,-19.106763999999899],[-47.910857,-19.106188],[-47.910877,-19.105659],[-47.911065,-19.105105],[-47.911108,-19.104598],[-47.911323,-19.104205],[-47.911585,-19.103789],[-47.911799,-19.103396],[-47.912182,-19.102955],[-47.912469,-19.102608],[-47.912779,-19.102099],[-47.912653,-19.101616],[-47.912383,-19.101228],[-47.912548,-19.100743],[-47.913007,-19.100624],[-47.913245,-19.100185],[-47.913168,-19.099702],[-47.91297,-19.09929],[-47.913348,-19.09832],[-47.913392,-19.097882],[-47.913387999999898,-19.097421999999899],[-47.913463,-19.096592],[-47.913189,-19.096894],[-47.912709,-19.09729],[-47.912154,-19.097456],[-47.911142,-19.097971],[-47.910682999999899,-19.098044],[-47.909593,-19.098053],[-47.90906,-19.098012],[-47.908527,-19.097878],[-47.908065,-19.097698],[-47.907626999999898,-19.097472],[-47.907092,-19.097223],[-47.906653999999897,-19.096905],[-47.906312,-19.096609],[-47.90592,-19.096175],[-47.905554,-19.095856],[-47.905066,-19.095377],[-47.904576,-19.094805999999899],[-47.904281,-19.094348],[-47.903864999999897,-19.093868],[-47.903521,-19.093364999999899],[-47.903227,-19.09293],[-47.90281,-19.092358999999899],[-47.902442999999899,-19.091971],[-47.902125,-19.091559],[-47.901662,-19.091241],[-47.90108,-19.091131],[-47.900451,-19.091228],[-47.899897,-19.091486],[-47.899488,-19.09172],[-47.899031,-19.092069],[-47.898695,-19.092394],[-47.89836,-19.092787999999899],[-47.898002,-19.093251],[-47.897666,-19.093645],[-47.89755,-19.094084],[-47.897286999999899,-19.094476999999898],[-47.896954,-19.095054999999899],[-47.896812,-19.095494],[-47.896793,-19.096],[-47.896799,-19.096644],[-47.896707,-19.097151],[-47.896543999999899,-19.097797],[-47.896427,-19.098281],[-47.896312,-19.098927],[-47.896147,-19.099365],[-47.89591,-19.099851],[-47.895721,-19.100382],[-47.895654,-19.100957],[-47.89561,-19.101441],[-47.895445,-19.101903],[-47.895255,-19.102319],[-47.895041999999897,-19.102826999999898],[-47.89495,-19.103288],[-47.894809,-19.103725999999899],[-47.894573,-19.104372],[-47.894286,-19.104743],[-47.893977,-19.105367],[-47.89352,-19.105716],[-47.893136,-19.105996],[-47.892677999999897,-19.106253],[-47.892149,-19.106556],[-47.891641999999898,-19.106721999999898],[-47.890942,-19.106958],[-47.890483,-19.107077],[-47.889950999999897,-19.107081],[-47.889271999999899,-19.107018],[-47.888691,-19.106977],[-47.888182,-19.106912],[-47.887624,-19.106756],[-47.887138999999898,-19.106691],[-47.886556,-19.106535],[-47.885998,-19.106402],[-47.885488,-19.106244999999898],[-47.885003,-19.106065],[-47.884469,-19.105930999999899],[-47.884006,-19.105636],[-47.883446,-19.105273],[-47.882838,-19.104979],[-47.882301,-19.104523],[-47.881839,-19.104343],[-47.881377,-19.104117],[-47.880721999999899,-19.103915],[-47.880284,-19.103735],[-47.879701,-19.10351],[-47.879215,-19.103238],[-47.878703,-19.102896999999899],[-47.878241,-19.102647999999899],[-47.877875,-19.102328],[-47.877434999999899,-19.101895],[-47.87702,-19.101553],[-47.876726,-19.101165],[-47.876357,-19.100569],[-47.875991,-19.100204],[-47.87555,-19.099702],[-47.875158999999897,-19.099267999999899],[-47.874816,-19.098834],[-47.874425,-19.098446],[-47.87396,-19.097919999999899],[-47.873569,-19.097486],[-47.873251,-19.097121],[-47.872542,-19.096412999999899],[-47.871956,-19.095797],[-47.87171,-19.095408],[-47.871367,-19.094974],[-47.87095,-19.094401999999899],[-47.870703999999897,-19.093944],[-47.870458,-19.093554],[-47.870356,-19.093003],[-47.870351,-19.092497],[-47.870493,-19.092058],[-47.870583,-19.091366999999899],[-47.870627,-19.090884],[-47.870671,-19.090422999999898],[-47.870761,-19.089709],[-47.870805,-19.089271],[-47.870849,-19.088742],[-47.870893,-19.088235],[-47.870882,-19.087084],[-47.870708,-19.086649],[-47.870559,-19.086189999999899],[-47.870265,-19.085801],[-47.870042,-19.085297],[-47.869748,-19.084862],[-47.869234999999897,-19.084429],[-47.868894,-19.08411],[-47.868431,-19.083837],[-47.867994,-19.083634],[-47.867434,-19.083363],[-47.866827999999899,-19.08323],[-47.8664216,-19.0832123],[-47.866368,-19.08321],[-47.865907999999898,-19.083237],[-47.865448,-19.083195],[-47.864962999999896,-19.08313],[-47.864433,-19.083342],[-47.864048,-19.083644],[-47.863713,-19.083992],[-47.863498999999898,-19.084385],[-47.863164,-19.084871],[-47.863070999999898,-19.085308999999899],[-47.862794,-19.086692],[-47.862558,-19.087360999999898],[-47.862465,-19.0878],[-47.862374,-19.088468],[-47.862287,-19.089481],[-47.862194,-19.089919],[-47.861812,-19.090451],[-47.861453,-19.090914999999899],[-47.861144,-19.091539],[-47.860664,-19.091934],[-47.860157,-19.092076],[-47.859773,-19.092424],[-47.85929,-19.092613],[-47.858638,-19.092756],[-47.858009,-19.09283],[-47.857549999999897,-19.09288],[-47.856993,-19.092908],[-47.856486,-19.092958],[-47.856026,-19.092984999999899],[-47.855398,-19.093151],[-47.854819,-19.093317],[-47.853733,-19.093672],[-47.852959999999896,-19.093861999999898],[-47.852638,-19.093894],[-47.852463999999898,-19.094294999999899],[-47.85229,-19.094696],[-47.852007,-19.095596],[-47.851916,-19.096195],[-47.851704,-19.096771999999898],[-47.851612,-19.097371],[-47.851625,-19.098728999999899],[-47.851436,-19.099283],[-47.851174,-19.099699],[-47.8510042,-19.0997896],[-47.850692,-19.099956],[-47.850381,-19.100303999999898],[-47.850094,-19.100698],[-47.84971,-19.101091999999898],[-47.849252,-19.10128],[-47.848867,-19.101582],[-47.848726,-19.102044],[-47.848586,-19.102597],[-47.848591,-19.103172],[-47.848741,-19.103677],[-47.849011,-19.104043],[-47.849306,-19.104547],[-47.849382999999897,-19.104983999999899],[-47.849435,-19.105444],[-47.849391,-19.105881],[-47.849322,-19.106319],[-47.849131999999898,-19.106735],[-47.84887,-19.107197],[-47.848655999999899,-19.10759],[-47.848396,-19.108237],[-47.848182999999899,-19.108837],[-47.848042,-19.109275],[-47.847854,-19.109874999999899],[-47.847738,-19.110382],[-47.847647,-19.111051],[-47.847580999999899,-19.111811],[-47.847586,-19.112294],[-47.847618,-19.113145],[-47.847695,-19.113582],[-47.847892,-19.11404],[-47.848068,-19.11466],[-47.848315,-19.11521],[-47.848464,-19.115692],[-47.848638999999899,-19.116219999999899],[-47.848813999999898,-19.11684],[-47.848824,-19.117968],[-47.848805,-19.118451],[-47.848688,-19.118935],[-47.848498999999897,-19.119488999999898],[-47.848285,-19.119905],[-47.848073,-19.120459],[-47.847884,-19.120967],[-47.847599,-19.121614],[-47.847242,-19.122261],[-47.846911,-19.123114999999899],[-47.846504,-19.123648],[-47.846121,-19.124134],[-47.845859,-19.124574],[-47.845573,-19.125059],[-47.845359,-19.125498],[-47.845168999999899,-19.125937],[-47.844931,-19.126399],[-47.844693999999897,-19.126885],[-47.844383,-19.127347],[-47.84412,-19.127718],[-47.843518,-19.128021999999898],[-47.843108,-19.128256],[-47.842723,-19.128512],[-47.842388,-19.128883],[-47.841909,-19.129462],[-47.841744999999896,-19.130062],[-47.841605,-19.130638],[-47.841515,-19.131421],[-47.841472,-19.131974],[-47.84143,-19.132665],[-47.841411,-19.13324],[-47.841391,-19.133701],[-47.841321999999899,-19.134139],[-47.841303,-19.134691],[-47.841259,-19.135129],[-47.841263,-19.135589],[-47.841291,-19.136026],[-47.841319999999897,-19.136532],[-47.841324,-19.136992],[-47.841158999999898,-19.1375],[-47.840873,-19.137985],[-47.840538,-19.138333],[-47.840128,-19.13859],[-47.839719,-19.138869],[-47.839334999999899,-19.139241],[-47.838952,-19.139703999999899],[-47.838497,-19.140283],[-47.838285,-19.14086],[-47.838143,-19.141299],[-47.837907,-19.141968],[-47.837767,-19.142499],[-47.837626,-19.14296],[-47.837389,-19.143514],[-47.837175,-19.143976],[-47.836889,-19.144462],[-47.836651,-19.144877999999899],[-47.83639,-19.145456],[-47.836224,-19.145893999999899],[-47.836084,-19.146494],[-47.836016,-19.146930999999899],[-47.835926,-19.147714999999899],[-47.835931,-19.148267],[-47.836272999999899,-19.148563],[-47.836253,-19.149093],[-47.836039,-19.149509],[-47.835679,-19.149857],[-47.835392,-19.150204],[-47.835348,-19.150665],[-47.835329,-19.151287],[-47.835237,-19.15184],[-47.834877999999897,-19.152211],[-47.834468,-19.152421],[-47.8344,-19.152928],[-47.834404999999897,-19.153548999999899],[-47.834458,-19.154009],[-47.834511,-19.154492],[-47.834539,-19.154952],[-47.834544,-19.155412],[-47.834524,-19.155942],[-47.834456,-19.156449],[-47.834242,-19.156888],[-47.833906,-19.157213],[-47.833449,-19.157491999999898],[-47.832871,-19.157819],[-47.83251,-19.158121999999899],[-47.831908999999897,-19.158564],[-47.831573999999897,-19.159004],[-47.831141,-19.159399],[-47.830782,-19.159862],[-47.830424,-19.160394],[-47.83009,-19.160949],[-47.8299,-19.161387999999899],[-47.829614,-19.161828],[-47.829253999999899,-19.162222],[-47.828871,-19.162754],[-47.828488,-19.163149],[-47.828225,-19.163588],[-47.827987,-19.163981],[-47.827749,-19.164511999999899],[-47.827464,-19.165136],[-47.827325,-19.165782],[-47.827209,-19.166311999999898],[-47.826824,-19.166637],[-47.826318,-19.16694],[-47.826006999999898,-19.167288],[-47.825622,-19.167568],[-47.825189,-19.16787],[-47.824853,-19.168195],[-47.824468,-19.168498],[-47.823985,-19.168686],[-47.823453,-19.168759],[-47.822871,-19.168718],[-47.822288,-19.168515],[-47.82185,-19.168243],[-47.821364,-19.168063],[-47.820878999999898,-19.168044],[-47.820275,-19.168140999999899],[-47.819842,-19.168466],[-47.819797,-19.168903999999898],[-47.819752999999899,-19.169388],[-47.819612,-19.169826],[-47.819617,-19.170401],[-47.819647,-19.171022999999899],[-47.819657,-19.172104],[-47.819614,-19.17268],[-47.819497,-19.173186999999899],[-47.819332,-19.173672],[-47.81907,-19.174111],[-47.818663,-19.174620999999899],[-47.818303,-19.175015],[-47.817698999999898,-19.175204],[-47.817215,-19.175277],[-47.816635,-19.175328],[-47.816175,-19.175377],[-47.815503,-19.176027],[-47.815166,-19.176329],[-47.814709,-19.176678],[-47.814132,-19.177074],[-47.813722,-19.177308],[-47.813239,-19.177427],[-47.812658999999897,-19.177546],[-47.812175,-19.177619],[-47.811256,-19.177811],[-47.810651,-19.177862],[-47.810168,-19.177958],[-47.809685,-19.178192],[-47.809276,-19.178470999999899],[-47.809039,-19.179026],[-47.809044,-19.179600999999899],[-47.808952,-19.180108],[-47.808787,-19.180639],[-47.80872,-19.181191],[-47.808555,-19.181745],[-47.80839,-19.182206999999899],[-47.807813,-19.182764],[-47.807331,-19.182952],[-47.806871,-19.183025],[-47.80634,-19.18319],[-47.805906999999898,-19.183561999999899],[-47.80562,-19.183978],[-47.805554,-19.184646],[-47.805583,-19.185244],[-47.805829,-19.185657],[-47.806171999999897,-19.186114],[-47.806514,-19.186433],[-47.806809,-19.186868],[-47.806911,-19.187489],[-47.806916,-19.187971999999899],[-47.806726,-19.188388],[-47.806511,-19.188804],[-47.806248,-19.189174],[-47.805914,-19.189682999999899],[-47.805603,-19.1901],[-47.805365,-19.190584999999899],[-47.805298999999899,-19.191299],[-47.805328,-19.19192],[-47.805428999999897,-19.192357],[-47.805482,-19.192839],[-47.805388999999899,-19.1933],[-47.805028999999898,-19.19358],[-47.804451,-19.193975],[-47.803992999999899,-19.194278],[-47.803536999999899,-19.194673],[-47.803176999999899,-19.195044],[-47.803133,-19.195597],[-47.803137,-19.196057],[-47.80324,-19.196655],[-47.803172,-19.197185],[-47.802934,-19.197693],[-47.802672,-19.198132],[-47.802481999999898,-19.198617],[-47.802169999999897,-19.198941999999899],[-47.801738,-19.199314],[-47.801209,-19.199778],[-47.800753,-19.200264999999899],[-47.800514,-19.200681],[-47.800447,-19.201211],[-47.800572,-19.201716],[-47.800818,-19.202129],[-47.801258,-19.202585],[-47.801625,-19.202949999999898],[-47.802015,-19.203246],[-47.802236999999899,-19.203659],[-47.80241,-19.204072],[-47.802609,-19.204599],[-47.802711,-19.205151],[-47.80286,-19.205587],[-47.803058,-19.206069],[-47.803182999999898,-19.206527999999899],[-47.803286,-19.207148],[-47.803314999999898,-19.207653999999899],[-47.803368,-19.208252],[-47.803445,-19.208735],[-47.803547,-19.209217],[-47.803697,-19.209792],[-47.803896,-19.210342],[-47.804095,-19.210939],[-47.804318,-19.211443],[-47.80454,-19.211902],[-47.804882,-19.21229],[-47.805008,-19.212773],[-47.805085,-19.213277999999899],[-47.805138,-19.213761],[-47.805215,-19.214267],[-47.80522,-19.214796],[-47.805273,-19.215302],[-47.805568999999899,-19.215898],[-47.805865,-19.216517],[-47.806088,-19.216998],[-47.806093,-19.217527],[-47.80588,-19.218127],[-47.805666,-19.218589],[-47.805549,-19.219074],[-47.805505,-19.219534],[-47.805728,-19.220061999999899],[-47.806072,-19.220588],[-47.806342,-19.221022999999899],[-47.80654,-19.221505],[-47.806811,-19.221986],[-47.807009999999899,-19.222537],[-47.806967,-19.223181],[-47.806874999999899,-19.223665],[-47.806587,-19.224013],[-47.806324,-19.224383],[-47.806134,-19.224799],[-47.805895,-19.225192],[-47.805704999999897,-19.225608],[-47.805418,-19.225978999999899],[-47.805155,-19.226349],[-47.80477,-19.226674],[-47.80441,-19.227045],[-47.804318,-19.227598999999898],[-47.8043196,-19.2277796],[-47.804322,-19.228059],[-47.804664,-19.228355],[-47.805199,-19.228512],[-47.805446,-19.229015999999898],[-47.805231999999897,-19.229524],[-47.804676,-19.229689999999898],[-47.804169,-19.229900999999899],[-47.803664,-19.230227],[-47.803401,-19.230598],[-47.803018,-19.231175999999898],[-47.802804,-19.231638],[-47.802615,-19.232168999999899],[-47.802474,-19.232607],[-47.80272,-19.23302],[-47.803136,-19.233453],[-47.803358,-19.233981],[-47.803485,-19.234578],[-47.803491,-19.235246],[-47.803156999999899,-19.235778],[-47.802942,-19.236194],[-47.802584,-19.236726],[-47.802079999999897,-19.237236],[-47.801695,-19.237585],[-47.80119,-19.23798],[-47.800637,-19.238445],[-47.800300999999898,-19.238816],[-47.799917999999899,-19.239302],[-47.799656,-19.239833],[-47.799466,-19.240295],[-47.799203,-19.240712],[-47.798917,-19.241150999999899],[-47.798678,-19.241567],[-47.798415,-19.241983999999899],[-47.798032,-19.24247],[-47.797794,-19.242932],[-47.797725,-19.24337],[-47.797733999999899,-19.244383],[-47.797715,-19.244912],[-47.797548999999897,-19.245328],[-47.797142,-19.245814],[-47.796683,-19.246048],[-47.796055,-19.24626],[-47.795547999999897,-19.246495],[-47.795163,-19.246751],[-47.795142999999896,-19.247211],[-47.795268,-19.24767],[-47.795564,-19.248266],[-47.795592999999897,-19.248726],[-47.795549,-19.249209999999898],[-47.795238,-19.24965],[-47.794756,-19.24993],[-47.792357,-19.249949],[-47.791727,-19.250001],[-47.791266999999898,-19.250049999999899],[-47.790735,-19.250147],[-47.790275999999899,-19.250288],[-47.789866,-19.250522],[-47.789554,-19.250847],[-47.789463,-19.251423],[-47.789588,-19.251905],[-47.78981,-19.252316999999898],[-47.789911,-19.252754],[-47.789696999999897,-19.253216],[-47.789188,-19.253243],[-47.788778,-19.253476],[-47.788272,-19.253734],[-47.787863,-19.254058999999899],[-47.787794,-19.254543],[-47.788113,-19.254977999999898],[-47.788503999999897,-19.25532],[-47.788822,-19.255639],[-47.789386,-19.256348],[-47.789779,-19.257035],[-47.790365999999899,-19.257583],[-47.790684999999897,-19.258018],[-47.791005,-19.258567],[-47.791058,-19.259049999999899],[-47.791015,-19.259695],[-47.790898,-19.260155999999899],[-47.79095,-19.260593],[-47.791437,-19.260796],[-47.79202,-19.261021],[-47.792339,-19.26141],[-47.792659,-19.261983],[-47.792735999999898,-19.262419],[-47.792668,-19.262971999999898],[-47.792381,-19.263366],[-47.79202,-19.263645],[-47.791561,-19.26381],[-47.791027,-19.263722],[-47.790636999999897,-19.263426],[-47.790126,-19.263223],[-47.78976,-19.26295],[-47.789448,-19.263344],[-47.789087,-19.263623],[-47.788824,-19.263993],[-47.788562,-19.264523999999899],[-47.788494,-19.264962],[-47.788473,-19.2654],[-47.788983,-19.265533999999899],[-47.789420999999898,-19.265714],[-47.790004,-19.265824],[-47.790539,-19.266027],[-47.791121,-19.266115],[-47.791631,-19.266272],[-47.792118,-19.266521],[-47.792485,-19.266908999999899],[-47.792538,-19.267415],[-47.792542,-19.267875],[-47.792304999999899,-19.268406],[-47.791995,-19.268961],[-47.791514999999897,-19.269517],[-47.791227999999897,-19.269865],[-47.790893,-19.270419999999898],[-47.79063,-19.270836],[-47.790345,-19.271436999999899],[-47.790399,-19.272035],[-47.790645,-19.272424],[-47.791106,-19.272489],[-47.791809999999899,-19.272622],[-47.792295,-19.272687],[-47.793047,-19.272796],[-47.79363,-19.272906],[-47.794165,-19.273109],[-47.79475,-19.273518],[-47.795141,-19.273837],[-47.795459,-19.274156999999899],[-47.795439,-19.274686],[-47.795298,-19.275147999999898],[-47.794986,-19.275496],[-47.794429,-19.275523],[-47.793825,-19.275689],[-47.79327,-19.275993],[-47.792885,-19.276295],[-47.792672,-19.276872],[-47.792749,-19.277332],[-47.793019,-19.277721],[-47.793313,-19.278064],[-47.793511,-19.278545],[-47.79354,-19.279028],[-47.793495999999898,-19.279512],[-47.793257,-19.279974],[-47.793067999999899,-19.280436],[-47.792878,-19.280852],[-47.792785,-19.281336],[-47.793056,-19.281862999999898],[-47.793205999999898,-19.282299],[-47.793382,-19.283034],[-47.793459,-19.28347],[-47.793463,-19.283931],[-47.793516,-19.284414],[-47.79352,-19.284873999999899],[-47.793768,-19.285493],[-47.793845,-19.285999],[-47.794068,-19.286572],[-47.794218999999899,-19.287192],[-47.794441999999897,-19.287697],[-47.794688999999899,-19.288224],[-47.794887,-19.28866],[-47.795109,-19.289072],[-47.795547,-19.289299],[-47.796177999999898,-19.28934],[-47.796638,-19.289313],[-47.797147,-19.289331999999899],[-47.797537,-19.289582],[-47.797904,-19.289924],[-47.798174,-19.290336],[-47.798516,-19.290632],[-47.798689,-19.291045],[-47.798766,-19.291528],[-47.798698,-19.292058],[-47.798435,-19.292451],[-47.7981,-19.292845],[-47.797933999999898,-19.29333],[-47.797624,-19.293792],[-47.797483,-19.2943],[-47.797438999999898,-19.294851999999899],[-47.797322999999899,-19.29536],[-47.79728,-19.29605],[-47.797285,-19.296579999999899],[-47.797072,-19.297088],[-47.796686,-19.297367],[-47.796301,-19.297622999999898],[-47.796186,-19.298338],[-47.796166,-19.298775],[-47.79617,-19.299258],[-47.796222999999898,-19.299717999999899],[-47.796349,-19.300269],[-47.796548,-19.300774],[-47.796672999999899,-19.301279],[-47.7968,-19.301831],[-47.796997,-19.302243],[-47.797221,-19.302862999999899],[-47.79754,-19.303273999999899],[-47.797981,-19.303846],[-47.798445,-19.304233],[-47.798716,-19.304714999999899],[-47.798914,-19.30515],[-47.799064,-19.305632],[-47.799092,-19.306092],[-47.799097,-19.306575],[-47.799078,-19.307128],[-47.798865,-19.307704999999899],[-47.798602,-19.308121],[-47.798388,-19.308606],[-47.798198,-19.309022],[-47.797887,-19.309508],[-47.7976,-19.309879],[-47.797264,-19.310227],[-47.796592,-19.311036999999899],[-47.796402999999898,-19.311568],[-47.796335,-19.312121],[-47.79634,-19.31265],[-47.796394,-19.313202],[-47.796302,-19.313778],[-47.796087999999898,-19.314239999999899],[-47.795777,-19.314726],[-47.795226,-19.315467],[-47.794842,-19.315860999999899],[-47.794482,-19.316279],[-47.794122,-19.316673],[-47.793908,-19.317066],[-47.793719,-19.317689],[-47.793554,-19.31815],[-47.793534,-19.318634],[-47.793394,-19.319256],[-47.793108,-19.319719],[-47.7927,-19.320182],[-47.792314,-19.320462],[-47.792002,-19.320785999999899],[-47.791739,-19.321203],[-47.791573,-19.321618],[-47.791578,-19.322171],[-47.791655999999897,-19.322745],[-47.791782,-19.323251],[-47.791956,-19.323754999999899],[-47.792229,-19.324467],[-47.792453,-19.325085999999899],[-47.792652,-19.32566],[-47.792951,-19.326532],[-47.793175,-19.327128],[-47.793396,-19.327517999999898],[-47.793643,-19.32793],[-47.794058999999898,-19.328433],[-47.794621,-19.328912],[-47.795012,-19.329207999999898],[-47.795499999999898,-19.329549],[-47.796012,-19.32989],[-47.796402,-19.330186],[-47.796794,-19.330551],[-47.797184,-19.330801],[-47.797550999999899,-19.331212],[-47.797871,-19.331739],[-47.798021999999897,-19.332359],[-47.798124,-19.332887],[-47.798274,-19.333345999999899],[-47.798473,-19.333966],[-47.798576,-19.334654999999898],[-47.798588,-19.335874999999898],[-47.798617,-19.33645],[-47.798646,-19.336932999999899],[-47.798698,-19.337393],[-47.798702999999897,-19.337899],[-47.798853999999899,-19.338473],[-47.798663,-19.338888999999899],[-47.798425,-19.339305],[-47.798161999999898,-19.339699],[-47.797996,-19.340183],[-47.797807,-19.340644999999899],[-47.797665,-19.341106],[-47.797335,-19.342122],[-47.797291,-19.342558999999898],[-47.797296,-19.343135],[-47.79747,-19.343592999999899],[-47.797789,-19.344005],[-47.797987,-19.344441],[-47.798136999999898,-19.344946],[-47.798262,-19.345405],[-47.79846,-19.345818],[-47.798489,-19.346347],[-47.798589999999898,-19.346829],[-47.798595,-19.347335],[-47.798551,-19.347819],[-47.798167,-19.348282],[-47.797832,-19.348722],[-47.797425,-19.349324],[-47.797019,-19.349949],[-47.796682,-19.350297],[-47.796200999999897,-19.350715],[-47.795791,-19.350971],[-47.795112,-19.350931],[-47.794653,-19.35105],[-47.794341,-19.351397],[-47.794441999999897,-19.351879999999898],[-47.794713,-19.352361],[-47.794839,-19.352843],[-47.794893,-19.35351],[-47.794897999999897,-19.354062],[-47.794758,-19.354662],[-47.794641,-19.3551],[-47.794354999999896,-19.355632],[-47.793971,-19.356048999999899],[-47.793683,-19.35642],[-47.793323,-19.356767999999899],[-47.792938,-19.357093],[-47.792868999999897,-19.357599999999898],[-47.79302,-19.358105],[-47.792829,-19.358521],[-47.792542,-19.358891],[-47.792254,-19.359238999999899],[-47.791991,-19.359701],[-47.791705,-19.360187],[-47.791587999999898,-19.360625],[-47.791641,-19.361131],[-47.7918071,-19.361439699999899],[-47.791937,-19.361681],[-47.792183,-19.362116],[-47.792525,-19.362434999999898],[-47.792845,-19.362893],[-47.792995,-19.363398],[-47.793242,-19.363879],[-47.793561,-19.364337],[-47.793951999999898,-19.364656],[-47.794414,-19.364813],[-47.795047,-19.365038],[-47.795656,-19.365401],[-47.796047,-19.365697],[-47.796462,-19.366015999999899],[-47.796805,-19.366405],[-47.797027,-19.36684],[-47.797103999999898,-19.367322999999899],[-47.796817,-19.367785],[-47.796335999999897,-19.368157],[-47.795952,-19.368575],[-47.79596,-19.369518],[-47.795698,-19.370003999999899],[-47.795217,-19.370445],[-47.794613,-19.370726],[-47.794204,-19.371075],[-47.793868,-19.371423],[-47.793582,-19.371931],[-47.793366999999897,-19.372324],[-47.793225999999898,-19.372786],[-47.79323,-19.373269],[-47.793332,-19.373751],[-47.793722,-19.37407],[-47.794161,-19.37432],[-47.794551,-19.374569999999899],[-47.795038,-19.374773],[-47.795549999999899,-19.375045],[-47.795844,-19.375411],[-47.795897,-19.375847],[-47.795974999999899,-19.376421999999899],[-47.795979,-19.376928],[-47.796033,-19.377457],[-47.796062,-19.377963],[-47.796065999999897,-19.378422999999898],[-47.796118,-19.37886],[-47.796177,-19.379964],[-47.796132999999898,-19.380471],[-47.795918,-19.380864],[-47.795411999999899,-19.381166999999898],[-47.795118,-19.380801],[-47.794775,-19.380459],[-47.79424,-19.380348],[-47.793658999999899,-19.380399],[-47.793199,-19.380495],[-47.793275999999899,-19.380955],[-47.793714,-19.381135],[-47.793622,-19.381619],[-47.79331,-19.38199],[-47.793168,-19.382451],[-47.793076,-19.382981],[-47.793106,-19.383603],[-47.793111,-19.384132],[-47.792921,-19.384571],[-47.792413,-19.384713],[-47.791974,-19.384417],[-47.791583,-19.384166999999898],[-47.791148,-19.384332],[-47.790886,-19.38484],[-47.790672,-19.385233],[-47.790287,-19.385582],[-47.789851999999897,-19.385769],[-47.789419,-19.386187],[-47.789108999999897,-19.386719],[-47.788943,-19.387158],[-47.789357,-19.387384],[-47.789865,-19.387242],[-47.790326999999898,-19.387284],[-47.790861999999898,-19.387464],[-47.791059,-19.387877],[-47.791063999999899,-19.388383],[-47.791021,-19.388981999999899],[-47.790953,-19.389511],[-47.791388,-19.389278],[-47.791699,-19.388907],[-47.792208,-19.388834],[-47.792431,-19.389338],[-47.792291,-19.389938],[-47.792271,-19.390443999999899],[-47.792105,-19.39086],[-47.791647,-19.391094],[-47.791212,-19.391303999999899],[-47.790949,-19.391744],[-47.790613,-19.392069],[-47.790471,-19.39253],[-47.790258,-19.393061],[-47.790068,-19.393523],[-47.7900546,-19.393552],[-47.789867399999899,-19.3939561],[-47.789853999999899,-19.393985],[-47.789568,-19.394517],[-47.789378,-19.395024],[-47.7893653,-19.3950510999999],[-47.789117,-19.395578999999898],[-47.788902999999898,-19.396041],[-47.78864,-19.396456999999899],[-47.788376,-19.396828],[-47.787991,-19.397084],[-47.787433,-19.397089],[-47.787042,-19.396816],[-47.786699999999897,-19.396496],[-47.786242,-19.396798999999898],[-47.785908,-19.397376999999899],[-47.785839,-19.397861],[-47.786013,-19.398297],[-47.78626,-19.398800999999899],[-47.786313,-19.399261],[-47.786245,-19.399836999999899],[-47.786200999999899,-19.40032],[-47.786035,-19.400759],[-47.7857,-19.401245],[-47.785412999999899,-19.401639],[-47.785296,-19.402192],[-47.785203,-19.402629999999899],[-47.784965,-19.403115],[-47.784824,-19.403576999999899],[-47.785046,-19.403966],[-47.78534,-19.404355],[-47.785296,-19.404815],[-47.785106,-19.405231],[-47.784940999999897,-19.405762],[-47.784727,-19.406224],[-47.784391,-19.406595],[-47.784031,-19.407012],[-47.783645,-19.407291],[-47.783183,-19.407134],[-47.783106,-19.406697],[-47.782884,-19.406285],[-47.782398,-19.40622],[-47.782086,-19.406568],[-47.781921,-19.407029],[-47.781925,-19.407512],[-47.782053,-19.408202],[-47.782252,-19.408752],[-47.782426,-19.40928],[-47.7827,-19.410014],[-47.782776,-19.410451],[-47.782804999999897,-19.410910999999899],[-47.783147,-19.411231],[-47.783513,-19.411504],[-47.783445,-19.411988],[-47.78306,-19.412267],[-47.782649999999897,-19.412523],[-47.782241,-19.412918],[-47.781880999999899,-19.413335],[-47.781568999999898,-19.413682999999899],[-47.781084,-19.413687],[-47.780622999999899,-19.413714],[-47.780139,-19.413856],[-47.779755,-19.414296],[-47.779468,-19.414735999999898],[-47.779255,-19.415336],[-47.779017,-19.415866999999899],[-47.778804,-19.416375],[-47.778589,-19.416813999999899],[-47.778399,-19.41723],[-47.778065,-19.417785],[-47.777898999999898,-19.418223],[-47.777952,-19.418706],[-47.77798,-19.419166],[-47.777692,-19.419514],[-47.777307,-19.419885],[-47.776972,-19.420302],[-47.776563,-19.420766],[-47.776252,-19.421181999999899],[-47.776013,-19.421645],[-47.775896,-19.422106],[-47.775901,-19.422658],[-47.776074999999899,-19.423071],[-47.776609999999899,-19.423205],[-47.777193,-19.423338],[-47.777655,-19.423495],[-47.777998,-19.423791999999899],[-47.777881,-19.424299],[-47.777715,-19.424737],[-47.777769,-19.425335],[-47.777943,-19.425794],[-47.778334,-19.426089999999899],[-47.778771999999897,-19.426271],[-47.779066999999898,-19.426729],[-47.779144,-19.427164999999899],[-47.779153999999899,-19.428315999999899],[-47.779113,-19.429052],[-47.779069,-19.429628],[-47.779085,-19.431307999999898],[-47.779548,-19.431556999999898],[-47.780032999999897,-19.431553],[-47.780518,-19.431572],[-47.781055,-19.43189],[-47.781542,-19.432116],[-47.782005,-19.432343],[-47.782395,-19.432616],[-47.782761999999899,-19.432935],[-47.783177,-19.433208],[-47.78352,-19.43355],[-47.783791,-19.433985],[-47.78394,-19.434444],[-47.784163,-19.434948],[-47.784412,-19.435590999999899],[-47.784489,-19.436096],[-47.784591,-19.436625],[-47.784740999999897,-19.437107],[-47.784939999999899,-19.437611999999898],[-47.785041,-19.438094],[-47.785263,-19.438483],[-47.785629,-19.43878],[-47.785948,-19.439098999999899],[-47.785807,-19.439584],[-47.785640999999899,-19.440044999999898],[-47.785693,-19.440482],[-47.78548,-19.440967],[-47.785167999999899,-19.441384],[-47.784832,-19.441800999999899],[-47.784545,-19.44224],[-47.784404,-19.442702],[-47.784146,-19.443717],[-47.78403,-19.444247],[-47.783913,-19.4448],[-47.783602,-19.445263],[-47.783314,-19.445633],[-47.782905,-19.445959],[-47.782544,-19.446238],[-47.782207,-19.446609],[-47.782067,-19.447139],[-47.781854,-19.44774],[-47.781591999999897,-19.448248],[-47.78087,-19.448898],[-47.780435,-19.449155],[-47.78005,-19.449434],[-47.779592,-19.44976],[-47.779353,-19.450153],[-47.779212,-19.450661],[-47.779143,-19.451099],[-47.778978,-19.451652],[-47.778693,-19.452252999999899],[-47.7786,-19.452714],[-47.778556,-19.45329],[-47.778464,-19.453751],[-47.778443,-19.454187999999899],[-47.778326999999898,-19.454718],[-47.77821,-19.455179999999899],[-47.777947,-19.455642],[-47.777733,-19.456081],[-47.777445,-19.456498],[-47.777133999999897,-19.457006],[-47.776992999999898,-19.457467999999899],[-47.776876,-19.457929],[-47.776783,-19.458367],[-47.77669,-19.458828],[-47.776573,-19.459335],[-47.776455999999897,-19.459772999999899],[-47.776266,-19.460235],[-47.776027,-19.460674],[-47.775716,-19.46116],[-47.775453,-19.461531],[-47.775165,-19.461924],[-47.774829,-19.462318],[-47.774517,-19.462666],[-47.774228999999899,-19.463013],[-47.773893,-19.463361],[-47.773485,-19.463871],[-47.773148999999897,-19.464334],[-47.77291,-19.464727],[-47.772672,-19.465189],[-47.77253,-19.465651],[-47.772317,-19.466251],[-47.772176,-19.466689],[-47.772059,-19.467195999999898],[-47.772063,-19.467657],[-47.772019,-19.468094],[-47.771997999999897,-19.468532],[-47.772075,-19.468968],[-47.772202,-19.469611999999898],[-47.772157999999898,-19.470118],[-47.771797,-19.470396999999899],[-47.771312,-19.470447],[-47.771146,-19.470886],[-47.771159,-19.472313],[-47.771138999999899,-19.472796],[-47.770877,-19.473282],[-47.770613,-19.473652],[-47.77035,-19.474114],[-47.770112,-19.474553],[-47.770043,-19.474991],[-47.770169,-19.475474],[-47.770609,-19.475815],[-47.771047,-19.476042],[-47.771511,-19.476313999999899],[-47.771926999999899,-19.476702],[-47.771931,-19.477185],[-47.771668,-19.477554999999899],[-47.77189,-19.477968],[-47.772497,-19.478031999999899],[-47.77284,-19.478351],[-47.77282,-19.478835],[-47.772654,-19.479273],[-47.772391,-19.479689999999898],[-47.772177,-19.480198],[-47.771964,-19.480751999999899],[-47.771797999999897,-19.48119],[-47.772165,-19.481533],[-47.772699,-19.481551],[-47.773163,-19.481939],[-47.773505999999898,-19.482281],[-47.773752,-19.482669999999899],[-47.774167,-19.48292],[-47.774628,-19.482938999999899],[-47.775088,-19.482820999999898],[-47.775595,-19.482494],[-47.776057,-19.482559],[-47.776352,-19.482994],[-47.776574,-19.483407],[-47.776724,-19.483889],[-47.776752,-19.484349],[-47.776757,-19.484832],[-47.776786,-19.485384],[-47.776862999999899,-19.485844],[-47.777013,-19.486349],[-47.777236,-19.486806999999899],[-47.777627,-19.487172],[-47.778092,-19.487537],[-47.77841,-19.487879],[-47.778705,-19.488291],[-47.778879,-19.488703999999899],[-47.779244999999896,-19.488977],[-47.779587999999897,-19.489296],[-47.779786,-19.489708999999898],[-47.780034,-19.490282],[-47.78011,-19.490719],[-47.779824,-19.491227],[-47.779464,-19.491668],[-47.779079,-19.491993],[-47.778815,-19.492386],[-47.7786,-19.492778999999899],[-47.77858,-19.493217],[-47.778561,-19.493745999999899],[-47.77888,-19.494158],[-47.779344,-19.494453],[-47.779736,-19.49491],[-47.779764999999898,-19.49537],[-47.779769,-19.49583],[-47.779579,-19.496315],[-47.779266999999898,-19.49664],[-47.778979,-19.496987999999899],[-47.778593999999899,-19.497359],[-47.77816,-19.497708],[-47.777799,-19.497987],[-47.777510999999897,-19.498334],[-47.777272,-19.498728],[-47.777057,-19.499120999999899],[-47.776721,-19.499561],[-47.776555,-19.499976],[-47.776175,-19.500211],[-47.775762,-19.50091],[-47.775495,-19.501301],[-47.775325,-19.501715],[-47.775106,-19.502105],[-47.775178,-19.502541999999899],[-47.775275,-19.503002],[-47.77525,-19.503462],[-47.775103999999899,-19.503899],[-47.774885,-19.504313],[-47.774642,-19.504795999999899],[-47.774399,-19.505348],[-47.774132,-19.505807],[-47.773863999999897,-19.506197999999898],[-47.77367,-19.506658],[-47.773620999999899,-19.507186999999899],[-47.773572,-19.507624],[-47.773474,-19.50859],[-47.773327,-19.509049999999899],[-47.772841,-19.509969],[-47.772694999999899,-19.510428999999899],[-47.772574,-19.510866],[-47.772112999999898,-19.510957],[-47.771651,-19.511141],[-47.771166,-19.511254999999899],[-47.770559999999897,-19.511485],[-47.770074,-19.511737],[-47.769734,-19.512082],[-47.769515,-19.512495999999899],[-47.769224,-19.512932],[-47.768932,-19.5133],[-47.768592,-19.513645],[-47.768057999999897,-19.513897],[-47.767233,-19.51431],[-47.766893,-19.514609],[-47.766796,-19.515069],[-47.766674,-19.515529],[-47.766528,-19.515989],[-47.766261,-19.516425],[-47.766203,-19.516768],[-47.766187,-19.517322],[-47.766235,-19.517828],[-47.766233999999898,-19.518863],[-47.7672251,-19.5189601],[-47.7671086,-19.520341],[-47.766310099999899,-19.521073],[-47.7650457,-19.5212394],[-47.7644467,-19.5210064],[-47.7638478,-19.520540599999901],[-47.7645133,-19.520041499999898],[-47.764147299999898,-19.519708799999901],[-47.763382,-19.5196422],[-47.7625169,-19.519442599999898],[-47.7615187,-19.520274399999899],[-47.761019599999898,-19.5214723],[-47.761019599999898,-19.5220047],[-47.7605205,-19.5226036],[-47.760221,-19.523601799999899],[-47.7600879,-19.524200699999898],[-47.759721899999903,-19.5242673],[-47.758823499999899,-19.523169199999899],[-47.7580915,-19.5233023],[-47.7569602,-19.5238347],[-47.7550636,-19.5237349],[-47.7545977,-19.524799599999898],[-47.7539988,-19.526130599999899],[-47.7534332,-19.526729499999899],[-47.7526346,-19.527029],[-47.7527344,-19.5282268],[-47.7522686,-19.528626099999901],[-47.751902599999902,-19.5282268],[-47.7504718,-19.5282268],[-47.7496067,-19.5279606],[-47.749373799999901,-19.5284265],[-47.748908,-19.5285263],[-47.748342299999898,-19.528626099999901],[-47.7479097,-19.5292916],[-47.747211,-19.530888699999899],[-47.7465455,-19.5309885],[-47.746079699999903,-19.5321531],[-47.7444826,-19.5330182],[-47.744183099999901,-19.5341827999999],[-47.7444826,-19.5353474],[-47.7442164,-19.5356136],[-47.743318,-19.537144199999901],[-47.7422865,-19.5374103],[-47.7416876,-19.53761],[-47.7412217,-19.538009299999899],[-47.7411552,-19.5390408],[-47.7398908,-19.540072199999901],[-47.739325199999897,-19.5405380999999],[-47.7392214,-19.5405569],[-47.738593099999903,-19.5406712],[-47.7384933,-19.5416693999999],[-47.7392919,-19.541935599999899],[-47.737927699999901,-19.5432332],[-47.737827799999899,-19.543565999999899],[-47.738260399999902,-19.544298],[-47.738360199999903,-19.5450633],[-47.738145,-19.545122],[-47.7376282,-19.5452629],[-47.7358647,-19.5456955],[-47.7354577,-19.546065199999902],[-47.7352332,-19.5461318],[-47.734516799999902,-19.546254099999899],[-47.734184899999903,-19.5462191999999],[-47.7329443,-19.5455552],[-47.7324027,-19.5458872],[-47.732053199999903,-19.546201699999902],[-47.731599,-19.5463066],[-47.7311796,-19.546027],[-47.7307079,-19.5462191999999],[-47.7302536,-19.546883099999899],[-47.7296595,-19.5472151],[-47.7287335,-19.547599499999901],[-47.7281045,-19.5475471],[-47.727545399999897,-19.5477392999999],[-47.727161,-19.5478790999999],[-47.7267591,-19.5478965],[-47.726532,-19.547913999999899],[-47.7260777,-19.5475471],[-47.7254138,-19.5478092],[-47.7248546,-19.5470579],[-47.724347899999898,-19.5466036],[-47.7240859,-19.5472151],[-47.723718899999902,-19.547651899999899],[-47.723194799999902,-19.547913999999899],[-47.722932699999902,-19.548385799999899],[-47.7228104,-19.5488925],[-47.722094,-19.5491021],[-47.721569799999898,-19.5488051],[-47.721045699999898,-19.5489449],[-47.720591399999897,-19.5492942999999],[-47.720154599999901,-19.5494340999999],[-47.7196304,-19.549311799999899],[-47.7194557,-19.548717699999901],[-47.7188267,-19.5490148],[-47.7184248,-19.5494166],[-47.718319999999899,-19.549905899999899],[-47.7179356,-19.5504475],[-47.717376499999901,-19.5509367],[-47.716607699999898,-19.551163899999899],[-47.716118499999901,-19.551495799999898],[-47.7159263,-19.5519676],[-47.715978699999901,-19.5528762],[-47.716013599999897,-19.5535052],[-47.715681699999898,-19.5538022],[-47.7151224999999,-19.5540468],[-47.7147381999999,-19.5543264],[-47.7142315,-19.554535999999899],[-47.7136374,-19.554553499999901],[-47.7131132,-19.5548330999999],[-47.712711399999897,-19.5551126],[-47.712274599999901,-19.555479499999901],[-47.711645599999898,-19.555479499999901],[-47.711016599999901,-19.555584399999901],[-47.710597199999903,-19.555829],[-47.7100032,-19.5563706],[-47.709755,-19.55592],[-47.709221,-19.555827],[-47.70876,-19.555965],[-47.708419999999897,-19.556332],[-47.708030999999899,-19.556654],[-47.70757,-19.556998],[-47.707084,-19.557296999999899],[-47.706647,-19.557503],[-47.705724,-19.557824],[-47.705336,-19.55826],[-47.705092,-19.558674],[-47.704946,-19.559134],[-47.704726999999899,-19.559525],[-47.704338,-19.559846],[-47.704118999999899,-19.560375],[-47.703293,-19.561294],[-47.702928,-19.561753],[-47.702612,-19.562166999999899],[-47.702393,-19.562558],[-47.702270999999897,-19.562994],[-47.701931,-19.563339],[-47.701372999999897,-19.563361],[-47.700863,-19.563337999999899],[-47.700378,-19.563175999999899],[-47.69982,-19.56306],[-47.697733,-19.563057],[-47.6972,-19.563148],[-47.696689999999897,-19.563332],[-47.696156,-19.563399999999898],[-47.695646,-19.563513999999898],[-47.695064,-19.563559999999899],[-47.693996,-19.563558],[-47.693534999999898,-19.563603],[-47.693074,-19.563579999999899],[-47.692709,-19.563878],[-47.692344999999897,-19.5642],[-47.692005,-19.564567],[-47.691616,-19.56482],[-47.691105999999898,-19.565048999999899],[-47.69062,-19.565162999999899],[-47.690182999999898,-19.565324],[-47.689625,-19.565576],[-47.689139,-19.565874],[-47.688726,-19.566081],[-47.688265,-19.566102999999899],[-47.68778,-19.566263],[-47.687317999999898,-19.566447],[-47.686857,-19.566584],[-47.686419999999899,-19.566882],[-47.685958,-19.567066],[-47.685448999999899,-19.567088],[-47.684866,-19.56711],[-47.684357,-19.566995],[-47.683895999999898,-19.566971],[-47.683387,-19.566786],[-47.682877,-19.566693],[-47.682295,-19.566461999999898],[-47.681834,-19.566347],[-47.681228,-19.566139],[-47.680719,-19.565885],[-47.680185,-19.565677],[-47.679676,-19.565746],[-47.679166,-19.565767999999899],[-47.678681,-19.565652],[-47.678196,-19.565559],[-47.677711,-19.565421],[-47.677274,-19.565213],[-47.676911,-19.564936],[-47.67662,-19.564591],[-47.676281,-19.564245],[-47.675795999999899,-19.564268],[-47.675383,-19.56452],[-47.67497,-19.56475],[-47.674580999999897,-19.565002],[-47.67412,-19.565185],[-47.673609999999897,-19.565323],[-47.672955,-19.565391],[-47.672323999999897,-19.565459],[-47.671862,-19.565596],[-47.671425,-19.565779],[-47.670891,-19.565893],[-47.67026,-19.565846],[-47.669775,-19.565754],[-47.669241999999898,-19.565476999999898],[-47.668757,-19.565383999999899],[-47.668295999999899,-19.565337],[-47.667835,-19.565245],[-47.667155,-19.565244],[-47.666646,-19.565289],[-47.666159999999898,-19.565265],[-47.665626,-19.565333],[-47.665116,-19.565608999999899],[-47.664558,-19.565608],[-47.663975999999899,-19.565514999999898],[-47.663466,-19.565491],[-47.662811,-19.565421],[-47.662229,-19.565351],[-47.661671,-19.565281],[-47.66121,-19.565257],[-47.660603,-19.565371],[-47.660045,-19.565486],[-47.659534999999899,-19.565485],[-47.659075,-19.5653],[-47.658565,-19.565114999999899],[-47.658056,-19.564999],[-47.657449,-19.564906],[-47.657013,-19.564584],[-47.65665,-19.564215],[-47.656335,-19.563892],[-47.65619,-19.563455],[-47.6559,-19.563064],[-47.655706,-19.562626],[-47.655464,-19.562211999999899],[-47.655028,-19.56205],[-47.654494,-19.561979999999899],[-47.653985,-19.562026],[-47.653451,-19.562024999999899],[-47.652966,-19.561886],[-47.652577999999899,-19.561609],[-47.652093,-19.561677],[-47.651679999999899,-19.561884],[-47.651145,-19.562067],[-47.650635,-19.562434],[-47.650174,-19.562501999999899],[-47.649664,-19.562525],[-47.649106,-19.562593],[-47.648547999999899,-19.562684],[-47.648038,-19.562798],[-47.647261,-19.563096],[-47.6468,-19.563279],[-47.646217,-19.56337],[-47.645755999999899,-19.56353],[-47.645173,-19.563483],[-47.644713,-19.56339],[-47.644179,-19.563275],[-47.643499,-19.56325],[-47.642966,-19.563157],[-47.642335,-19.562926],[-47.641680999999899,-19.562649],[-47.641098999999898,-19.562325999999899],[-47.640566,-19.561979999999899],[-47.640104999999899,-19.561772],[-47.639572,-19.561473],[-47.639159999999897,-19.561149999999898],[-47.638651,-19.56085],[-47.638213999999898,-19.560642],[-47.637681,-19.560319],[-47.637341999999897,-19.559974],[-47.637003,-19.559582],[-47.636615,-19.559304999999899],[-47.63596,-19.559418999999899],[-47.635475,-19.559394999999899],[-47.634941,-19.559417],[-47.634431,-19.559601],[-47.634018,-19.559922],[-47.633653,-19.560243],[-47.633143,-19.560426],[-47.632463,-19.560700999999899],[-47.631929,-19.560838],[-47.631419,-19.560906],[-47.630958,-19.560997999999898],[-47.630352,-19.56102],[-47.629624,-19.560994999999899],[-47.629162,-19.561041],[-47.628677,-19.561086],[-47.628239999999899,-19.561361],[-47.627803,-19.561567],[-47.627415,-19.56129],[-47.62693,-19.561174999999899],[-47.626419999999897,-19.561174],[-47.625911,-19.561080999999898],[-47.625304,-19.561056999999899],[-47.624237,-19.560733],[-47.623728,-19.560617],[-47.623194,-19.560731],[-47.622853,-19.561029],[-47.622464,-19.561305],[-47.622051,-19.561764],[-47.62159,-19.561694],[-47.621201,-19.562084],[-47.620787999999898,-19.562383],[-47.620448,-19.562680999999898],[-47.620179999999898,-19.563072],[-47.61967,-19.563439],[-47.619208,-19.563783],[-47.618795,-19.564011999999899],[-47.618285,-19.564264],[-47.617775,-19.564401],[-47.617313,-19.564539],[-47.616875999999898,-19.564722],[-47.616487,-19.564996999999899],[-47.616026,-19.565088],[-47.615564999999897,-19.565134],[-47.615,-19.565334],[-47.615006,-19.565455],[-47.614738,-19.56596],[-47.614592,-19.56642],[-47.614518,-19.566903],[-47.614516,-19.567846],[-47.614708999999898,-19.568306],[-47.614781,-19.568744],[-47.615046999999898,-19.56925],[-47.615265,-19.569686999999899],[-47.615409,-19.570194],[-47.615675,-19.570630999999899],[-47.616014,-19.571138],[-47.616304,-19.571621999999898],[-47.616449,-19.572082],[-47.616642,-19.572519],[-47.616714,-19.573118],[-47.616737,-19.573577999999898],[-47.616784,-19.57413],[-47.616807999999899,-19.57459],[-47.616855,-19.575096],[-47.616927,-19.575579],[-47.61712,-19.57604],[-47.617362,-19.5765],[-47.617458,-19.576982999999899],[-47.617384,-19.577558],[-47.617238,-19.578018],[-47.617115,-19.578501],[-47.617041,-19.579007],[-47.616943,-19.579467],[-47.616797,-19.579949],[-47.61665,-19.580409],[-47.616649,-19.580960999999899],[-47.616721,-19.581444],[-47.616429,-19.581927],[-47.616087999999898,-19.582248],[-47.615651,-19.582547],[-47.615116999999898,-19.582592],[-47.614704,-19.582844],[-47.614606,-19.583419],[-47.61475,-19.584017],[-47.614869999999897,-19.584592],[-47.614866999999897,-19.586019],[-47.614914999999897,-19.586455999999899],[-47.615011,-19.586939],[-47.615253,-19.587444999999899],[-47.615349,-19.587998],[-47.615372,-19.588618999999898],[-47.615395,-19.589056],[-47.615467,-19.589516],[-47.615418,-19.589953],[-47.615125,-19.590367],[-47.614858,-19.590803],[-47.614686999999897,-19.591309],[-47.614613,-19.591860999999898],[-47.614612,-19.592436],[-47.614562,-19.592965],[-47.614415,-19.593448],[-47.614342,-19.593930999999898],[-47.614341,-19.594414],[-47.61417,-19.595011],[-47.613877,-19.595402],[-47.613537,-19.5957],[-47.613075,-19.595906],[-47.612614,-19.595929],[-47.612079999999899,-19.595974],[-47.611739999999898,-19.596318],[-47.611545,-19.596755],[-47.6124695,-19.598060599999901],[-47.6125097,-19.5986627999999],[-47.611827199999901,-19.598903699999902],[-47.6110242,-19.599224799999899],[-47.6104620999999,-19.599546],[-47.610100799999898,-19.5998271],[-47.609458399999902,-19.6002687],[-47.6094183,-19.6007102999999],[-47.609257699999901,-19.6015133],[-47.6088963999999,-19.600991399999899],[-47.608856199999899,-19.6015133],[-47.6084949,-19.6019148],[-47.607531299999899,-19.602436699999899],[-47.6070897,-19.602918499999902],[-47.6063670999999,-19.602396499999902],[-47.6057648,-19.602436699999899],[-47.6056042,-19.6031995],[-47.6050422,-19.6034804999999],[-47.6046808,-19.6042032],[-47.603998299999901,-19.6044441],[-47.602834,-19.6046047],[-47.6029143,-19.6053674999999],[-47.602191699999899,-19.6056887],[-47.602191699999899,-19.6061703999999],[-47.6018303,-19.6060098],[-47.6017902,-19.6066521999999],[-47.601469,-19.607415],[-47.6012683,-19.608298299999898],[-47.6011478,-19.6094224],[-47.600224399999902,-19.609743599999899],[-47.5998228999999,-19.6104662],[-47.599301,-19.611630499999901],[-47.5989397,-19.6121926],[-47.598658699999902,-19.6117108],[-47.5976951,-19.6130759],[-47.597655,-19.6136781],[-47.597534499999902,-19.614320399999901],[-47.5971732,-19.6140796],[-47.596450499999897,-19.614561299999899],[-47.5958082,-19.615203699999899],[-47.595446799999898,-19.6147621],[-47.5949249,-19.615002999999898],[-47.5945234,-19.6154847],[-47.5943227,-19.6159264],[-47.5936803,-19.616247499999901],[-47.5928372,-19.6161271],[-47.592515999999897,-19.617090599999901],[-47.5923554,-19.6179739],[-47.5917532,-19.618576099999899],[-47.591151,-19.6182549],[-47.5907094,-19.618576099999899],[-47.590829799999902,-19.619178299999898],[-47.5901875,-19.6195397],[-47.5898663,-19.6190579],[-47.5890232,-19.6196601],[-47.588983,-19.620704],[-47.588300499999903,-19.6205434],[-47.5873771,-19.6213061999999],[-47.5871362,-19.6209448],[-47.586694599999902,-19.6222296],[-47.5865742,-19.6226311],[-47.5862931,-19.6227916],[-47.5860522,-19.622390199999899],[-47.585409899999902,-19.6227916],[-47.5851287999999,-19.6231931],[-47.585650799999897,-19.623755199999898],[-47.5850485,-19.623755199999898],[-47.584767499999899,-19.6243173],[-47.5842456,-19.6246384],[-47.584566799999898,-19.6255217],[-47.5846872,-19.6260435999999],[-47.5837237,-19.626645799999899],[-47.5831616,-19.626967],[-47.5825995,-19.6272481],[-47.582479099999901,-19.6278904],[-47.583041099999903,-19.628974399999901],[-47.5835630999999,-19.6303394],[-47.5834828,-19.631543899999901],[-47.5850485,-19.6325476],[-47.585851499999897,-19.6334307999999],[-47.5866544,-19.6339126],[-47.587336999999899,-19.6337119],[-47.587618,-19.633832299999899],[-47.5880998,-19.6347557],[-47.5885013,-19.6355988],[-47.589183799999901,-19.635919999999899],[-47.5896655,-19.635919999999899],[-47.5901072,-19.636522199999899],[-47.5902677999999,-19.636723],[-47.589745799999903,-19.637244899999899],[-47.5901072,-19.6375259],[-47.5915926,-19.637806899999902],[-47.5921949,-19.637806899999902],[-47.5930781,-19.6385296],[-47.594684,-19.639292399999899],[-47.595768,-19.639653699999901],[-47.5964104,-19.639453],[-47.596691399999898,-19.6400151],[-47.597333799999902,-19.6401354999999],[-47.5986185,-19.640336299999898],[-47.5991404,-19.641139199999898],[-47.5997025,-19.6412998],[-47.600505499999898,-19.6420626],[-47.6010674999999,-19.642464099999899],[-47.601188,-19.6434677999999],[-47.6015092,-19.644110199999901],[-47.6026734,-19.6450737],[-47.6038377,-19.6460372999999],[-47.604279399999903,-19.6464789],[-47.6046808,-19.647040999999899],[-47.6052028,-19.648406],[-47.605122499999901,-19.6498513],[-47.6049619,-19.651015599999901],[-47.6048013,-19.651979099999899],[-47.6056444,-19.6529828],[-47.6056444,-19.654107],[-47.6052429,-19.655753],[-47.6049217,-19.657720299999902],[-47.6049217,-19.659767799999901],[-47.604600499999897,-19.661012399999901],[-47.604038499999902,-19.6630198],[-47.6039582,-19.6648666],[-47.6037059,-19.6662542],[-47.603637,-19.6666331],[-47.6038033,-19.666671999999899],[-47.603797,-19.669806],[-47.605033999999897,-19.670627],[-47.60547,-19.670926999999899],[-47.60598,-19.671365],[-47.606489,-19.671757],[-47.606998,-19.672218],[-47.60775,-19.672656],[-47.608429,-19.672818],[-47.609133,-19.673141999999899],[-47.609715,-19.673419],[-47.610321999999897,-19.67365],[-47.610831,-19.673811999999899],[-47.611291999999899,-19.673950999999899],[-47.612117,-19.674228],[-47.612820999999897,-19.674436],[-47.613549,-19.674644999999899],[-47.614205,-19.674783999999899],[-47.614836,-19.674946],[-47.615443,-19.675085],[-47.616074,-19.675247],[-47.616801,-19.675685999999899],[-47.617335,-19.675962],[-47.617618999999898,-19.67602],[-47.619495,-19.676448999999899],[-47.619956,-19.676565],[-47.620587999999898,-19.676681],[-47.621073,-19.67682],[-47.621729,-19.67666],[-47.622263,-19.676592],[-47.623429,-19.676686],[-47.624084,-19.676733],[-47.624409199999903,-19.6767336],[-47.624667,-19.676734],[-47.625129,-19.676758],[-47.625833,-19.676873999999899],[-47.626463999999899,-19.676897999999898],[-47.627094999999898,-19.677014],[-47.627702,-19.677107],[-47.628163,-19.677269],[-47.628745,-19.677454],[-47.629352,-19.677776999999899],[-47.629958,-19.678146],[-47.630443,-19.678491999999899],[-47.630879999999898,-19.678746],[-47.631317,-19.678977],[-47.631948,-19.679231],[-47.632432999999899,-19.679414999999899],[-47.632990999999897,-19.679576999999899],[-47.633452,-19.679762],[-47.633938,-19.67997],[-47.634496,-19.680109],[-47.635054,-19.680156],[-47.635734,-19.680318],[-47.636365,-19.680618],[-47.636826,-19.680872],[-47.637383999999898,-19.681011],[-47.637869,-19.681356999999899],[-47.638233,-19.681656],[-47.638692999999897,-19.682002],[-47.639057,-19.68244],[-47.63942,-19.682854],[-47.639735,-19.683246],[-47.639929,-19.683752],[-47.640171,-19.684304],[-47.640436,-19.685041],[-47.640605,-19.685616],[-47.640872,-19.686191999999899],[-47.641258999999899,-19.686536999999898],[-47.641623,-19.68686],[-47.642035,-19.687297999999899],[-47.642375,-19.687643],[-47.642617,-19.688104],[-47.642859,-19.688517999999899],[-47.643124999999898,-19.688887],[-47.6432705,-19.689094],[-47.6444164,-19.6887891],[-47.644287399999897,-19.688840599999899],[-47.644854699999897,-19.6894078999999],[-47.6450609,-19.6900266],[-47.6451125,-19.6902845],[-47.6452156,-19.6907485999999],[-47.6452156,-19.691367399999901],[-47.6452156,-19.6917283],[-47.6452156,-19.6923987],[-47.6454734,-19.692914299999899],[-47.6457313,-19.69343],[-47.6459891,-19.69343],[-47.6459929,-19.6937536],[-47.646143799999898,-19.6937909],[-47.6464036,-19.6939624],[-47.646401599999898,-19.694100299999899],[-47.6465563,-19.694254999999899],[-47.6465921,-19.6943798],[-47.6466864,-19.694500999999899],[-47.646672899999899,-19.694716399999901],[-47.6466864,-19.694918399999899],[-47.6467537,-19.6950396],[-47.646807599999903,-19.6951877],[-47.6468211,-19.6953763],[-47.646915299999897,-19.6956051999999],[-47.6470634,-19.6956994],[-47.6471442,-19.695861],[-47.6472385,-19.6960361],[-47.6473597,-19.696089899999901],[-47.647427,-19.696278499999899],[-47.6474135,-19.6964939],[-47.647521299999902,-19.696669],[-47.6474674,-19.6969113],[-47.6474539,-19.6973288],[-47.6474741,-19.697423],[-47.647494299999899,-19.6975173],[-47.6475078,-19.6977327],[-47.6475617,-19.698029],[-47.6475751,-19.6983926],[-47.647629,-19.698567599999901],[-47.6476021,-19.6989177],[-47.6474001,-19.6990254],[-47.647211599999899,-19.6991601],[-47.647117299999898,-19.6993352],[-47.647211599999899,-19.699537099999901],[-47.6472654,-19.699725699999899],[-47.647171199999903,-19.699887299999901],[-47.646982599999902,-19.7001296],[-47.6470634,-19.7002643],[-47.6471442,-19.7003989],[-47.6471981,-19.700587499999902],[-47.647171199999903,-19.7008433],[-47.647184599999903,-19.701099199999899],[-47.647252,-19.701334799999898],[-47.647184599999903,-19.7015435],[-47.6470634,-19.701691599999901],[-47.646969199999901,-19.7018398],[-47.6468009,-19.702048499999901],[-47.646807599999903,-19.7022706999999],[-47.6469422,-19.7022572],[-47.6470634,-19.7021495],[-47.647184599999903,-19.7021899],[-47.6472924,-19.7022840999999],[-47.6474539,-19.7023919],[-47.647629,-19.702580399999899],[-47.647736699999903,-19.702755399999901],[-47.6477636,-19.702957399999899],[-47.647736699999903,-19.703253699999902],[-47.6474539,-19.7034624],[-47.6471577,-19.7036307],[-47.647022999999898,-19.7037384],[-47.646915299999897,-19.703859599999902],[-47.6469422,-19.7040751],[-47.6470702,-19.704189499999899],[-47.647171199999903,-19.7044251999999],[-47.6472856,-19.704681],[-47.647386599999898,-19.7047954999999],[-47.6476021,-19.7047618],[-47.6476828999999,-19.704882999999899],[-47.647723299999903,-19.7050985],[-47.6476828999999,-19.7053139],[-47.6476559,-19.705489],[-47.6476021,-19.705704399999899],[-47.6476021,-19.705852499999899],[-47.6474539,-19.7059603],[-47.647227299999898,-19.7062688],[-47.647266,-19.7064621],[-47.6474013,-19.7065974],[-47.6474979,-19.7068293],[-47.6475945,-19.706925899999899],[-47.6476585,-19.7070755],[-47.6476972,-19.7072625],[-47.647297599999902,-19.7074107],[-47.647117099999903,-19.7075654],[-47.646923699999903,-19.7077459],[-47.646756099999898,-19.7079522],[-47.6465112,-19.708119699999902],[-47.6461631,-19.708287299999899],[-47.6458795,-19.7083517999999],[-47.645595899999897,-19.7087256],[-47.6451188999999,-19.7093573],[-47.6447838,-19.7095894],[-47.6448611,-19.7100791999999],[-47.644513,-19.710801199999899],[-47.644281,-19.711536],[-47.644036099999902,-19.7119614],[-47.6442036,-19.7125930999999],[-47.644165,-19.71307],[-47.6441134,-19.7137145999999],[-47.6440876,-19.7142689],[-47.6440489,-19.7146428],[-47.6439458,-19.7150424],[-47.643816899999898,-19.7153388999999],[-47.643494599999897,-19.7155581],[-47.64285,-19.716176899999901],[-47.6427598,-19.7169375],[-47.6425278,-19.717440199999899],[-47.642231299999899,-19.718007499999899],[-47.642012099999903,-19.7185102],[-47.641767199999897,-19.7190388],[-47.641548,-19.71949],[-47.6408905,-19.7201732],[-47.6405812,-19.7205857],[-47.639399,-19.721934],[-47.639277,-19.722417],[-47.639203,-19.722946],[-47.639081,-19.723498],[-47.639007,-19.724165],[-47.638885,-19.724602],[-47.638762,-19.725154],[-47.638688,-19.725682],[-47.638684,-19.728328],[-47.638707,-19.729064],[-47.638779,-19.729501],[-47.638924,-19.729983999999899],[-47.639093,-19.730399],[-47.639335,-19.730859],[-47.639553,-19.731411],[-47.639722,-19.731963999999898],[-47.639915,-19.732493],[-47.640059999999899,-19.733068],[-47.640253,-19.733667],[-47.640374,-19.734196],[-47.64047,-19.734633],[-47.640493999999897,-19.735093],[-47.640687,-19.735714],[-47.64071,-19.736151],[-47.640709,-19.736658],[-47.640805999999898,-19.737141],[-47.641291,-19.737324999999899],[-47.641826,-19.737372],[-47.642457,-19.737465],[-47.64304,-19.737604],[-47.643452,-19.737835],[-47.643864999999899,-19.738273],[-47.644034,-19.738848],[-47.644154,-19.739308],[-47.644225999999897,-19.739814],[-47.644201,-19.740251],[-47.644079,-19.740803],[-47.644078,-19.741447],[-47.644247,-19.741953],[-47.644635,-19.74223],[-47.645023,-19.742576],[-47.645314,-19.742944],[-47.645337,-19.743541999999898],[-47.645167,-19.743979],[-47.645069,-19.744439],[-47.645068,-19.744899],[-47.64548,-19.745291],[-47.645941999999899,-19.745452],[-47.646427,-19.745452999999898],[-47.646889,-19.745362],[-47.647351,-19.745408],[-47.64769,-19.745731],[-47.647787,-19.746168],[-47.647689,-19.746628],[-47.647372,-19.74695],[-47.646983,-19.747202],[-47.647055,-19.747708],[-47.647443,-19.748054],[-47.64822,-19.748560999999899],[-47.648485999999899,-19.748952],[-47.648826,-19.749298],[-47.649043999999897,-19.749873],[-47.649090999999899,-19.750447999999899],[-47.648993,-19.750977],[-47.648773999999896,-19.751437],[-47.648676,-19.751989],[-47.648723,-19.752518],[-47.649087,-19.753002],[-47.649694,-19.753118],[-47.650058999999899,-19.752842],[-47.650399999999898,-19.752520999999899],[-47.65091,-19.752429],[-47.651493,-19.75243],[-47.652027,-19.752476999999899],[-47.652513,-19.752569999999899],[-47.654214,-19.752572],[-47.654674999999898,-19.752642],[-47.654796,-19.753171],[-47.654503,-19.753723],[-47.654139,-19.753998],[-47.653944,-19.754435],[-47.653724,-19.754872],[-47.653432,-19.755216],[-47.65314,-19.755583999999899],[-47.652726,-19.755904999999899],[-47.652434,-19.75625],[-47.652142,-19.75664],[-47.65185,-19.757054],[-47.6518,-19.757675],[-47.651824,-19.758158],[-47.652455,-19.758182],[-47.652966,-19.758183],[-47.653452,-19.757907],[-47.653744,-19.757563],[-47.65423,-19.757563999999899],[-47.654521,-19.758001],[-47.654641,-19.758575999999898],[-47.654689,-19.759105],[-47.654931,-19.759497],[-47.655052,-19.759957],[-47.655367,-19.760371],[-47.655731,-19.760694],[-47.656144,-19.761017],[-47.656629,-19.76127],[-47.656824,-19.760718999999899],[-47.656872,-19.761248],[-47.65726,-19.761501],[-47.657746,-19.76164],[-47.658208,-19.761733],[-47.658669,-19.761893999999899],[-47.659057,-19.762332],[-47.659348,-19.762768999999899],[-47.65959,-19.763207],[-47.659857,-19.763575],[-47.660342,-19.764059],[-47.660753999999898,-19.764474],[-47.661068999999898,-19.764888],[-47.661409,-19.765188],[-47.661846,-19.765578999999899],[-47.66221,-19.765878999999899],[-47.662209,-19.766362],[-47.661771,-19.766659999999899],[-47.661309,-19.766728],[-47.661163,-19.767234],[-47.6611914,-19.7673323],[-47.661356,-19.767902],[-47.661623,-19.76827],[-47.661841,-19.768844999999899],[-47.661937,-19.769352],[-47.661839,-19.769856999999899],[-47.66145,-19.770178999999899],[-47.661109,-19.770615],[-47.661035,-19.771121],[-47.661083,-19.771581],[-47.661277,-19.772042],[-47.661811,-19.772203],[-47.662321,-19.772227],[-47.662782999999898,-19.772274],[-47.663293,-19.772321],[-47.663803,-19.772482],[-47.664288,-19.772736],[-47.664701,-19.77299],[-47.665259999999897,-19.772921],[-47.665577,-19.772531],[-47.665553,-19.772071],[-47.666014,-19.772117],[-47.666549,-19.77244],[-47.666986,-19.772648],[-47.667471,-19.772693999999898],[-47.668079,-19.772741],[-47.668613,-19.772696],[-47.669171999999897,-19.772651],[-47.669585,-19.773203],[-47.6699,-19.773640999999898],[-47.670312,-19.773848],[-47.670847,-19.774102],[-47.671259,-19.77431],[-47.671526,-19.774677999999899],[-47.671427999999899,-19.775161],[-47.67116,-19.775621],[-47.67133,-19.776035],[-47.671717999999899,-19.776542],[-47.6723,-19.776841],[-47.672883,-19.776910999999899],[-47.673369,-19.776981],[-47.673831,-19.777188],[-47.674202099999903,-19.7773647],[-47.674316,-19.777419],[-47.674631,-19.77788],[-47.674461,-19.778339],[-47.673998,-19.778638],[-47.673537,-19.778775],[-47.673147,-19.779051],[-47.672831,-19.779372],[-47.672975999999899,-19.779947],[-47.673339999999897,-19.780431],[-47.67346,-19.780914],[-47.673557,-19.781489],[-47.673555,-19.782593],[-47.67353,-19.783099],[-47.673481,-19.783628],[-47.673456,-19.784064999999899],[-47.6734839,-19.784332],[-47.673504,-19.784525],[-47.673819,-19.784963],[-47.674329,-19.785308999999899],[-47.674741,-19.785723],[-47.675275,-19.785862],[-47.676246999999897,-19.785954999999898],[-47.676806,-19.786048],[-47.677169999999897,-19.78637],[-47.677194,-19.786853],[-47.677143999999899,-19.787289999999899],[-47.677191999999899,-19.787934],[-47.677337,-19.788395],[-47.677798,-19.788602],[-47.677701,-19.789038999999899],[-47.677748,-19.789545],[-47.677918,-19.78996],[-47.678014,-19.79042],[-47.678014,-19.790972],[-47.677843,-19.791408],[-47.677599,-19.791799],[-47.677647,-19.792282],[-47.678133,-19.792259999999899],[-47.678449,-19.792697],[-47.678520999999897,-19.793134],[-47.678812,-19.793618],[-47.679322,-19.79378],[-47.679637,-19.794263],[-47.679735,-19.793826],[-47.679687,-19.793228],[-47.679639,-19.792791],[-47.679882,-19.793181999999899],[-47.68044,-19.793482],[-47.680755,-19.793942],[-47.681483,-19.795047],[-47.681822,-19.795393],[-47.681797,-19.79583],[-47.681917999999897,-19.79629],[-47.682331,-19.796567],[-47.682840999999897,-19.796659],[-47.683302,-19.797005],[-47.683642,-19.797396],[-47.68403,-19.797673],[-47.684589,-19.797834],[-47.684905,-19.798157],[-47.684976999999897,-19.79864],[-47.684782,-19.799054],[-47.684416999999897,-19.799329],[-47.684295,-19.799858],[-47.684415,-19.800387],[-47.684658,-19.800871],[-47.684949,-19.801216],[-47.685435,-19.801102],[-47.685653,-19.801585],[-47.685651999999898,-19.802137],[-47.685846,-19.802551],[-47.68621,-19.80292],[-47.686501,-19.803265],[-47.686719,-19.803656],[-47.686985999999898,-19.804117],[-47.68706,-19.80368],[-47.68757,-19.803611],[-47.687837,-19.804003],[-47.687933,-19.804486],[-47.68786,-19.805015],[-47.687835,-19.805474999999898],[-47.68747,-19.805841999999899],[-47.687105,-19.806164],[-47.687322,-19.806877],[-47.687686,-19.807384],[-47.688099,-19.807659999999899],[-47.68856,-19.807914],[-47.689143,-19.808122],[-47.689556,-19.808375],[-47.689822999999897,-19.808789],[-47.689944,-19.809227],[-47.689943,-19.809802],[-47.689918,-19.810285],[-47.689723,-19.810744],[-47.689601,-19.81125],[-47.689526999999899,-19.811802],[-47.689501999999898,-19.812285],[-47.689793,-19.812654],[-47.690035,-19.813367],[-47.690108,-19.813804],[-47.689937,-19.814241],[-47.689887999999897,-19.814678],[-47.690325,-19.814930999999898],[-47.690884,-19.815047],[-47.691345,-19.815093999999899],[-47.691904,-19.815232],[-47.692439,-19.815394],[-47.692851,-19.815739],[-47.693215,-19.8162],[-47.693458,-19.816637],[-47.693602999999896,-19.817073999999899],[-47.693651,-19.817603],[-47.693674,-19.81804],[-47.693771,-19.818731],[-47.693794,-19.819398],[-47.693793,-19.819858],[-47.693817,-19.820318],[-47.693815,-19.821859],[-47.693596,-19.822295999999898],[-47.693328,-19.822732],[-47.693109,-19.823123],[-47.692768,-19.823652],[-47.692523999999899,-19.824203],[-47.692231999999898,-19.824570999999899],[-47.691938999999898,-19.825054],[-47.691744,-19.825558999999899],[-47.691645999999899,-19.826042],[-47.6915,-19.826570999999898],[-47.691328999999897,-19.827146],[-47.691304,-19.827606],[-47.691375999999899,-19.828043],[-47.691643,-19.828411],[-47.692105,-19.828665],[-47.692591,-19.828641999999899],[-47.693028,-19.828827],[-47.693076,-19.829264],[-47.692881,-19.829678],[-47.693026,-19.830184],[-47.693317,-19.830575],[-47.693534999999898,-19.83099],[-47.693582999999897,-19.83145],[-47.693656,-19.83191],[-47.693679,-19.832393],[-47.693679,-19.832853],[-47.693604999999899,-19.833428],[-47.693361,-19.834049],[-47.693263,-19.834577],[-47.693165,-19.835014],[-47.693092,-19.835474],[-47.69297,-19.835911],[-47.692726,-19.836302],[-47.692313,-19.836577],[-47.691825999999899,-19.836738],[-47.691364,-19.83676],[-47.690877999999898,-19.836714],[-47.690441,-19.83692],[-47.690367,-19.837426],[-47.690439,-19.837978],[-47.690559999999898,-19.838415],[-47.690778,-19.838876],[-47.690947999999899,-19.839474],[-47.691166,-19.840026],[-47.691457,-19.840463],[-47.691918,-19.840533],[-47.692186,-19.840119],[-47.692648,-19.839982],[-47.692794,-19.840442],[-47.692816999999899,-19.840879],[-47.69289,-19.841316],[-47.692646,-19.841776],[-47.692231999999898,-19.842074],[-47.691794,-19.842304],[-47.691478,-19.842626],[-47.691015999999898,-19.84274],[-47.690845,-19.8432],[-47.690845,-19.843729],[-47.690674,-19.844189],[-47.690356999999899,-19.844579],[-47.689944,-19.844877999999898],[-47.689456999999898,-19.845153],[-47.68914,-19.845613],[-47.688654,-19.846094999999899],[-47.688094,-19.84644],[-47.687632,-19.846692],[-47.68717,-19.847058999999899],[-47.686732,-19.847404],[-47.686367,-19.84768],[-47.686415,-19.848116999999899],[-47.686487,-19.848577],[-47.6864191,-19.8486455],[-47.686146,-19.848921],[-47.685781,-19.849312],[-47.685416,-19.849633],[-47.685245,-19.850254],[-47.685268,-19.850714],[-47.685389,-19.851243],[-47.685437,-19.851772],[-47.685582,-19.852233],[-47.685776,-19.85267],[-47.685994,-19.85313],[-47.686115,-19.853613],[-47.686163,-19.854165],[-47.686162,-19.854786],[-47.685991999999899,-19.8552],[-47.685821,-19.855774999999898],[-47.685844,-19.856304],[-47.686037999999897,-19.85681],[-47.686427,-19.857064],[-47.686815,-19.85734],[-47.687399,-19.857295],[-47.687764,-19.856880999999898],[-47.688105,-19.856583],[-47.688567,-19.856376],[-47.689028999999898,-19.856285],[-47.689515,-19.856309],[-47.690147,-19.856194],[-47.69112,-19.855966],[-47.691582,-19.85592],[-47.692165,-19.856013],[-47.692529,-19.856587999999899],[-47.692723,-19.857025],[-47.692794999999897,-19.857463],[-47.692867,-19.858038],[-47.692891,-19.858521],[-47.693182,-19.858912],[-47.693596,-19.858683],[-47.693864,-19.858315],[-47.694277,-19.858085],[-47.694495,-19.858591999999899],[-47.694567999999897,-19.859052],[-47.694567,-19.859558],[-47.694518,-19.859995],[-47.694566,-19.860523999999899],[-47.694735,-19.861007],[-47.694832,-19.861443999999899],[-47.695318,-19.861859],[-47.695657,-19.862388],[-47.6959,-19.862894],[-47.696168,-19.862527],[-47.696338,-19.862113],[-47.696533,-19.861676],[-47.696947,-19.861424],[-47.697409,-19.861515999999899],[-47.697457,-19.861953],[-47.697189,-19.862321],[-47.697626,-19.862597],[-47.698209,-19.862989],[-47.698670999999898,-19.863128],[-47.698889999999899,-19.862714],[-47.69911,-19.862254],[-47.699329,-19.861817],[-47.699597,-19.861449999999898],[-47.700058,-19.861726],[-47.700374,-19.862048],[-47.700884,-19.862233],[-47.701369999999898,-19.862257],[-47.701735,-19.862625],[-47.702197,-19.862557],[-47.702562,-19.862258],[-47.703121,-19.862374],[-47.703508999999897,-19.862742],[-47.703995,-19.862766],[-47.704433,-19.86249],[-47.704822,-19.862767],[-47.705235,-19.863019999999899],[-47.705745,-19.863043999999899],[-47.706183,-19.863274],[-47.706570999999897,-19.86355],[-47.706692,-19.864056999999899],[-47.706789,-19.864517],[-47.70691,-19.865],[-47.707031,-19.865506],[-47.707225,-19.865966],[-47.707467,-19.86645],[-47.707538999999898,-19.866956],[-47.707538999999898,-19.8676],[-47.70749,-19.868037],[-47.707293999999898,-19.868519],[-47.707075,-19.868956],[-47.706662,-19.868634],[-47.706419,-19.869047],[-47.706393999999896,-19.869506999999899],[-47.70649,-19.870013],[-47.706587,-19.870497],[-47.706975999999898,-19.87075],[-47.707364,-19.871118],[-47.707655,-19.87151],[-47.708093,-19.871831999999898],[-47.708554,-19.872430999999899],[-47.709015,-19.873052],[-47.709306,-19.873398],[-47.709476,-19.873857999999899],[-47.709792,-19.874226],[-47.709913,-19.874709],[-47.709693,-19.875261],[-47.709693,-19.875720999999899],[-47.710081,-19.876135],[-47.710543,-19.876412],[-47.71115,-19.87662],[-47.711709,-19.876826999999899],[-47.712195,-19.876919999999899],[-47.712949,-19.877036],[-47.713532,-19.877197],[-47.714090999999897,-19.877267],[-47.714602,-19.877267],[-47.715112,-19.877153],[-47.715525,-19.877406],[-47.715865,-19.877752],[-47.716376,-19.87789],[-47.716862,-19.878236],[-47.717152999999897,-19.878673],[-47.717542,-19.878926],[-47.717979,-19.879088],[-47.718415999999898,-19.879295],[-47.718927,-19.87948],[-47.71951,-19.879503],[-47.720021,-19.879389],[-47.720458999999899,-19.879113],[-47.720847999999897,-19.879435999999899],[-47.721285,-19.87962],[-47.721553,-19.879183],[-47.721797,-19.87877],[-47.722307,-19.878516999999899],[-47.7226,-19.878127],[-47.722915999999898,-19.877805],[-47.723523999999898,-19.877713],[-47.72401,-19.877622],[-47.724424,-19.877346],[-47.72491,-19.877278],[-47.725395999999897,-19.877301],[-47.726053,-19.877486],[-47.726539,-19.877555],[-47.727049,-19.877602],[-47.727633,-19.877602],[-47.728094999999897,-19.877718],[-47.728241,-19.877212],[-47.728314,-19.876775],[-47.728631,-19.876453],[-47.729069,-19.876247],[-47.729458,-19.875902],[-47.729872,-19.875466],[-47.730164,-19.875098],[-47.730432,-19.87473],[-47.730942,-19.874823],[-47.731233,-19.875306],[-47.731257,-19.875743],[-47.73116,-19.87618],[-47.731354,-19.876663],[-47.73145,-19.877099999999899],[-47.731669,-19.877491],[-47.731668,-19.877973999999899],[-47.731595,-19.878411],[-47.731692,-19.878847999999898],[-47.73174,-19.879308],[-47.731738999999898,-19.880251],[-47.731714,-19.880711],[-47.731518999999899,-19.881355],[-47.731348,-19.881769],[-47.731129,-19.882275],[-47.730764,-19.882689],[-47.730787,-19.883240999999899],[-47.730908,-19.883678],[-47.730640999999899,-19.884114],[-47.73047,-19.884597],[-47.73064,-19.885034],[-47.73059,-19.885586],[-47.73059,-19.886069],[-47.730614,-19.886506],[-47.730612999999899,-19.886966],[-47.730637,-19.887540999999899],[-47.730635,-19.889197],[-47.730489,-19.889657],[-47.73044,-19.89014],[-47.730707,-19.890508],[-47.731071,-19.890923],[-47.731143,-19.89136],[-47.73124,-19.891797],[-47.731361,-19.892234],[-47.73158,-19.892809],[-47.731701,-19.893269],[-47.732041,-19.893684],[-47.732381,-19.894006],[-47.732574,-19.894972],[-47.733182,-19.895042],[-47.733644,-19.894697],[-47.734155,-19.894514],[-47.734617,-19.894399],[-47.734957,-19.894697999999899],[-47.735443,-19.894837],[-47.735832,-19.89509],[-47.736367,-19.895206],[-47.736756,-19.895505],[-47.736998,-19.895941999999899],[-47.737509,-19.896011999999899],[-47.737971,-19.896173],[-47.738481,-19.896266],[-47.73904,-19.896473],[-47.739478,-19.896840999999899],[-47.739988,-19.897072],[-47.740401,-19.897279],[-47.740839,-19.897441],[-47.740887,-19.89797],[-47.741032,-19.89843],[-47.741518,-19.898614],[-47.742004999999899,-19.898637999999899],[-47.742467,-19.898592],[-47.742953,-19.898639],[-47.743268999999898,-19.899099],[-47.743706,-19.899743],[-47.744119,-19.900089],[-47.744434,-19.900411],[-47.744822999999897,-19.900894],[-47.744968,-19.901354],[-47.745187,-19.901997999999899],[-47.745527,-19.90239],[-47.746037,-19.902528],[-47.746499,-19.90308],[-47.746863,-19.903357],[-47.747301,-19.903587],[-47.747811,-19.903427],[-47.748273,-19.903404],[-47.748809,-19.903174],[-47.748832999999898,-19.902736999999899],[-47.749004,-19.902301],[-47.749321,-19.901841],[-47.749759,-19.901496],[-47.750293,-19.901519999999898],[-47.750852,-19.90175],[-47.75129,-19.902096],[-47.751581,-19.902464],[-47.751751,-19.903039],[-47.751994,-19.903545],[-47.752577,-19.903752999999899],[-47.753087999999899,-19.903868],[-47.753549,-19.903983],[-47.754010999999899,-19.90403],[-47.754595,-19.904168],[-47.755057,-19.904376],[-47.75564,-19.904629],[-47.756005,-19.90433],[-47.756005,-19.903824],[-47.756102999999896,-19.903364],[-47.756541,-19.903135],[-47.757027,-19.903089],[-47.757478999999897,-19.903247],[-47.757950999999899,-19.903113],[-47.758510999999899,-19.902998],[-47.759021,-19.902884],[-47.759605,-19.9027],[-47.7596877,-19.9026572],[-47.760092,-19.902448],[-47.760967,-19.90208],[-47.761502,-19.901966],[-47.761989,-19.901782],[-47.762475,-19.901482999999899],[-47.76301,-19.901461],[-47.764105,-19.901462],[-47.764688,-19.901531],[-47.765247,-19.901716],[-47.765757999999899,-19.901946],[-47.766317,-19.902107],[-47.767021999999898,-19.902292],[-47.767581,-19.902383999999898],[-47.768043,-19.902546],[-47.768577999999899,-19.902707],[-47.769112,-19.902776],[-47.769574,-19.902869],[-47.770182,-19.902915],[-47.770716999999898,-19.90303],[-47.771203,-19.903123],[-47.771907999999897,-19.903376],[-47.772346,-19.903561],[-47.772881,-19.903653],[-47.773390999999897,-19.903722],[-47.773998999999897,-19.903815],[-47.774461,-19.903861],[-47.774946999999898,-19.904022],[-47.775433,-19.904160999999899],[-47.776114,-19.904345],[-47.7766,-19.904415],[-47.777087,-19.904277],[-47.77767,-19.9043],[-47.778424,-19.904393],[-47.779007,-19.904508],[-47.779591,-19.904647],[-47.780223,-19.904761999999899],[-47.781584,-19.905085],[-47.781998,-19.905338],[-47.782678,-19.905522],[-47.783238,-19.905546],[-47.783820999999897,-19.905638],[-47.784526,-19.905708],[-47.78511,-19.9058],[-47.785742,-19.905869],[-47.78635,-19.905824],[-47.786859999999898,-19.905663],[-47.79097,-19.905666],[-47.791796,-19.905642999999898],[-47.792549999999899,-19.905621],[-47.79311,-19.905552],[-47.793815,-19.905506],[-47.794301,-19.905414999999898],[-47.794787,-19.9053],[-47.795274,-19.905116],[-47.795858,-19.904887],[-47.796344,-19.904956],[-47.796853999999897,-19.904933],[-47.797317,-19.904749],[-47.79773,-19.904405],[-47.798046,-19.904037],[-47.798411,-19.903715],[-47.798752,-19.903369999999899],[-47.799093,-19.90291],[-47.799531,-19.902382],[-47.799895999999897,-19.901945],[-47.800187999999899,-19.901439],[-47.800430999999897,-19.900933],[-47.80065,-19.900496],[-47.801088999999898,-19.899531],[-47.801332,-19.899093999999899],[-47.801623999999897,-19.898634],[-47.801965,-19.898105],[-47.802549,-19.897232],[-47.802816999999898,-19.896864],[-47.803109,-19.89645],[-47.803352,-19.895829],[-47.803595,-19.895369],[-47.80379,-19.894703],[-47.804009,-19.894289],[-47.804253,-19.89376],[-47.804448,-19.893346],[-47.804642,-19.892886],[-47.804886,-19.892402999999899],[-47.805324,-19.891966],[-47.805786,-19.891599],[-47.806321,-19.891483999999899],[-47.80671,-19.891139],[-47.807196,-19.890818],[-47.807659,-19.890519],[-47.808096,-19.890289],[-47.808607,-19.890036],[-47.809238999999899,-19.889807],[-47.810017,-19.889531],[-47.810479,-19.88937],[-47.811209,-19.889140999999899],[-47.811914,-19.888934],[-47.812401,-19.888727],[-47.813081,-19.888429],[-47.813568,-19.888175999999898],[-47.814078,-19.887992],[-47.814541,-19.887785],[-47.815051,-19.887602],[-47.815708,-19.887602],[-47.816291,-19.887533],[-47.816802,-19.887327],[-47.817507,-19.887097],[-47.818139,-19.886775],[-47.818601,-19.886522],[-47.819161,-19.886293],[-47.819647,-19.88604],[-47.820109,-19.885832999999899],[-47.820498,-19.885556999999899],[-47.820887,-19.885006],[-47.821228,-19.884591999999898],[-47.821544,-19.884247],[-47.821787,-19.883856],[-47.822079,-19.883304],[-47.822323,-19.88289],[-47.822736,-19.8825],[-47.823004,-19.882109],[-47.823296,-19.881649],[-47.823685,-19.881074],[-47.824001,-19.880614],[-47.824293,-19.880039],[-47.824464,-19.879534],[-47.824586,-19.878959],[-47.824586,-19.878015999999899],[-47.824562,-19.877487],[-47.824319,-19.876567],[-47.824101,-19.875946],[-47.824052,-19.875509],[-47.823931,-19.874887999999899],[-47.823883,-19.874428],[-47.823883,-19.873945],[-47.823762,-19.873439],[-47.823811,-19.87291],[-47.824127,-19.872473],[-47.824492,-19.872151],[-47.824953999999899,-19.871714],[-47.825488999999898,-19.871278],[-47.825975,-19.870979],[-47.826436999999899,-19.870656999999898],[-47.826923,-19.870449999999899],[-47.827434,-19.870174],[-47.828018,-19.869945],[-47.828504,-19.869737999999899],[-47.828966,-19.869485],[-47.829403,-19.869278],[-47.82972,-19.868957],[-47.830084999999897,-19.868474],[-47.830401,-19.868129],[-47.830984,-19.867807],[-47.831615999999897,-19.86737],[-47.832078,-19.867117999999898],[-47.832515999999899,-19.866865],[-47.832978,-19.866612],[-47.833489,-19.866359],[-47.834048,-19.866129],[-47.834486,-19.8659],[-47.834972,-19.865739],[-47.835385,-19.865509],[-47.835931,-19.865448],[-47.836503,-19.865417],[-47.837086999999897,-19.865418],[-47.83767,-19.865487],[-47.838278,-19.865717],[-47.838812,-19.865993],[-47.838975199999901,-19.866070099999899],[-47.83925,-19.8662],[-47.839712,-19.866385],[-47.840271,-19.866592],[-47.840708,-19.866753],[-47.841194,-19.866868],[-47.841729,-19.866937],[-47.8419896,-19.8670663],[-47.842239,-19.86719],[-47.84275,-19.867466],[-47.843139,-19.867766],[-47.843502999999899,-19.868042],[-47.843615999999898,-19.8684335999999],[-47.843649,-19.868548],[-47.84394,-19.8691],[-47.844329,-19.869491],[-47.84445,-19.869951],[-47.844693,-19.87048],[-47.844815,-19.87094],[-47.844985,-19.871445999999899],[-47.84513,-19.871952],[-47.845348999999899,-19.872481],[-47.845446,-19.872987],[-47.845616,-19.873493],[-47.845639999999896,-19.873999],[-47.845737,-19.874551],[-47.846004,-19.875057],[-47.846319999999899,-19.875516999999899],[-47.846562999999897,-19.876207],[-47.846806,-19.876643999999899],[-47.847073,-19.877035],[-47.847316,-19.877449],[-47.847535,-19.877908999999899],[-47.847827,-19.878277],[-47.848166999999897,-19.878782999999899],[-47.848531,-19.879197],[-47.848944,-19.879657],[-47.849285,-19.879978999999899],[-47.849673,-19.880462],[-47.850062,-19.880785],[-47.8505,-19.880969],[-47.850962,-19.881083999999898],[-47.851447999999898,-19.881129999999899],[-47.851934,-19.881129999999899],[-47.852323,-19.880854],[-47.852615,-19.880509],[-47.852955,-19.880164],[-47.853271999999897,-19.879819999999899],[-47.853539,-19.879452],[-47.853807,-19.879061],[-47.854123,-19.878601],[-47.854487999999897,-19.878072],[-47.854779,-19.877543],[-47.855168999999897,-19.877037],[-47.855485,-19.8766],[-47.855801,-19.876141],[-47.856068,-19.875657999999898],[-47.856263,-19.875198],[-47.856506,-19.874784],[-47.856774,-19.874392999999898],[-47.857066,-19.873979],[-47.857236,-19.873496],[-47.857406,-19.873059],[-47.857625,-19.872668],[-47.857819999999897,-19.872162],[-47.858087,-19.871772],[-47.858525,-19.871542],[-47.858844299999902,-19.871824499999899],[-47.858889,-19.871864],[-47.859084,-19.872346999999898],[-47.859278,-19.872761],[-47.859288299999903,-19.8727878],[-47.859472,-19.873266999999899],[-47.859837,-19.873727],[-47.860346999999898,-19.874209999999898],[-47.860687,-19.874647],[-47.861052,-19.875038],[-47.861417,-19.875336999999899],[-47.86166,-19.875774],[-47.861854,-19.876234],[-47.861975,-19.876717],[-47.861975,-19.877223],[-47.861877999999898,-19.877775],[-47.861829,-19.878373],[-47.861829,-19.87996],[-47.861877,-19.88042],[-47.86195,-19.880903],[-47.861998,-19.881431],[-47.862047,-19.881891],[-47.862047,-19.882397],[-47.861925,-19.882995],[-47.861803,-19.883524],[-47.86173,-19.884076],[-47.86173,-19.884996],[-47.8615611,-19.8854530999999],[-47.861463,-19.886031],[-47.861462,-19.886997],[-47.861487,-19.887433999999899],[-47.861486,-19.887894],[-47.861316,-19.888376999999899],[-47.861073,-19.88886],[-47.860974999999897,-19.889411],[-47.860951,-19.889986],[-47.860951,-19.890446],[-47.860902,-19.890975],[-47.860708,-19.891458],[-47.860366999999897,-19.891895],[-47.860050999999899,-19.89224],[-47.85954,-19.892768999999898],[-47.859175,-19.893275],[-47.858957,-19.893826999999899],[-47.858762,-19.894286],[-47.858567,-19.894723],[-47.858373,-19.895183],[-47.858201999999899,-19.89562],[-47.858032,-19.896034],[-47.857813,-19.896517],[-47.857813,-19.896977],[-47.857982999999898,-19.897414],[-47.858299,-19.897804999999899],[-47.858493,-19.898265],[-47.858615,-19.898702],[-47.858639,-19.899138999999899],[-47.858639,-19.899668],[-47.858736,-19.900105],[-47.859149,-19.900565],[-47.859465,-19.90091],[-47.859732999999899,-19.901508],[-47.859854,-19.901991],[-47.860048,-19.90252],[-47.860194,-19.903049],[-47.860239,-19.903427],[-47.860267,-19.90367],[-47.860316,-19.904107],[-47.860363999999898,-19.904589999999899],[-47.860534,-19.905188],[-47.86085,-19.905532999999899],[-47.861263,-19.905763],[-47.861531,-19.906177],[-47.861677,-19.906614],[-47.861627999999897,-19.90712],[-47.861409,-19.907695],[-47.861166,-19.908132],[-47.860898,-19.908705999999899],[-47.860339,-19.909764],[-47.86012,-19.910408],[-47.860070999999898,-19.910844999999899],[-47.859803,-19.911213],[-47.859341,-19.911627],[-47.858927999999899,-19.911833999999899],[-47.858466,-19.912064],[-47.858027999999898,-19.91227],[-47.857833,-19.91273],[-47.857736,-19.913259],[-47.857566,-19.913696],[-47.857078999999899,-19.913948999999899],[-47.856496,-19.914202],[-47.856058,-19.914478],[-47.855572,-19.914754],[-47.855158,-19.915007],[-47.854745,-19.915558],[-47.854477,-19.915949],[-47.854039,-19.916132999999899],[-47.853479999999898,-19.916201999999899],[-47.852994,-19.916201999999899],[-47.852531999999897,-19.916432],[-47.85207,-19.916477999999898],[-47.851607999999899,-19.916592],[-47.851582999999899,-19.917304999999899],[-47.851582999999899,-19.91834],[-47.851558,-19.918846],[-47.851534,-19.919329],[-47.851534,-19.919789],[-47.851193,-19.920157],[-47.850707,-19.92041],[-47.850245,-19.920708999999899],[-47.850002,-19.921123],[-47.850001,-19.921767],[-47.84988,-19.922273],[-47.849612,-19.922801],[-47.849393,-19.923192],[-47.84932,-19.923721],[-47.84915,-19.924319],[-47.848954999999897,-19.924755999999899],[-47.848857,-19.925331],[-47.84876,-19.925791],[-47.848663,-19.926228],[-47.848371,-19.926803],[-47.84786,-19.92701],[-47.847374,-19.92671],[-47.846985,-19.926296],[-47.846547,-19.926112],[-47.846061,-19.926112],[-47.845793,-19.92648],[-47.845647,-19.926917],[-47.845331,-19.927239],[-47.844869,-19.927423],[-47.844431,-19.927584],[-47.843773999999897,-19.927537],[-47.843312,-19.927399],[-47.842826,-19.927215],[-47.842291,-19.926962],[-47.841805,-19.92687],[-47.841343,-19.926847],[-47.840881,-19.9271],[-47.840492,-19.927467],[-47.840175,-19.927789],[-47.839956,-19.928225999999899],[-47.839737,-19.928617],[-47.839737,-19.929077],[-47.839785999999897,-19.929767],[-47.839931,-19.930204],[-47.840125999999898,-19.930618],[-47.840271,-19.931101],[-47.840708999999897,-19.9314],[-47.841171,-19.931560999999899],[-47.84156,-19.931998],[-47.841779,-19.932572999999898],[-47.841923999999899,-19.933056],[-47.841949,-19.933608],[-47.841997,-19.934045],[-47.842046,-19.934666],[-47.842143,-19.935333],[-47.842312999999898,-19.935747],[-47.842531,-19.936253],[-47.842823,-19.936620999999899],[-47.843139,-19.937012],[-47.843382,-19.937564],[-47.843479,-19.938023999999899],[-47.843114,-19.938553],[-47.842774,-19.939035999999899],[-47.84236,-19.939381],[-47.841825,-19.939726],[-47.841266,-19.939931999999899],[-47.840755,-19.940185],[-47.840025,-19.940346],[-47.83949,-19.940484],[-47.838954999999899,-19.940691],[-47.838541,-19.94099],[-47.838225,-19.941334],[-47.837909,-19.941771],[-47.83769,-19.942438],[-47.837592,-19.943105],[-47.837519,-19.943634],[-47.837494999999898,-19.944094],[-47.837446,-19.944899],[-47.837397,-19.945543],[-47.837396,-19.946624],[-47.837372,-19.947107],[-47.837372,-19.948165],[-47.837443999999898,-19.94874],[-47.837516999999899,-19.949245],[-47.83759,-19.949842999999898],[-47.837614,-19.950487],[-47.837614,-19.951039],[-47.837638,-19.951729],[-47.837637,-19.953845],[-47.837613,-19.954397],[-47.837588,-19.954857],[-47.837539,-19.955363],[-47.837514999999897,-19.955915],[-47.837466,-19.95672],[-47.837442,-19.957225999999899],[-47.837441,-19.957709],[-47.837563,-19.958168999999899],[-47.837952,-19.958537],[-47.838414,-19.958836],[-47.838754,-19.959135],[-47.839192,-19.959641],[-47.839532,-19.959986],[-47.839824,-19.960422999999899],[-47.840212999999899,-19.960814],[-47.840408,-19.961274],[-47.84048,-19.961803],[-47.840578,-19.96224],[-47.840991,-19.962654],[-47.841964,-19.963114],[-47.842377,-19.963390999999898],[-47.842791,-19.963759],[-47.843155,-19.964219],[-47.843471,-19.964541],[-47.843982,-19.965024],[-47.844444,-19.965346],[-47.844833,-19.965668],[-47.845271,-19.966059],[-47.845636,-19.966381],[-47.846487,-19.967025],[-47.846876,-19.967278],[-47.847288999999897,-19.967623],[-47.8478,-19.968129],[-47.848286,-19.968566],[-47.848627,-19.968981],[-47.849063999999899,-19.969418],[-47.849502,-19.969694],[-47.850012999999898,-19.969832],[-47.850426,-19.970085],[-47.850816,-19.97043],[-47.851253,-19.970821],[-47.851569,-19.971142999999898],[-47.851836999999897,-19.971511],[-47.852128999999898,-19.971971],[-47.852395999999899,-19.972569],[-47.852615,-19.973052],[-47.852809,-19.97365],[-47.852931,-19.974087],[-47.853174,-19.974524],[-47.853271,-19.974961],[-47.853466,-19.975375],[-47.853927999999897,-19.975743],[-47.85439,-19.976019],[-47.854706,-19.976364],[-47.855071,-19.97664],[-47.85546,-19.977054],[-47.855728,-19.977445],[-47.855825,-19.977882],[-47.855825,-19.978341999999898],[-47.8558,-19.978802],[-47.855581,-19.979239],[-47.855314,-19.979653],[-47.855142999999899,-19.980067],[-47.854754,-19.980342999999898],[-47.854316,-19.980021],[-47.853878,-19.980181],[-47.853562,-19.980502999999899],[-47.853148,-19.980709999999899],[-47.852638,-19.980778999999899],[-47.852565,-19.981331],[-47.852564,-19.982274],[-47.85254,-19.982710999999899],[-47.852272,-19.983217],[-47.852077,-19.983631],[-47.851761,-19.983953],[-47.851225999999897,-19.984343],[-47.850837,-19.984665],[-47.850423,-19.984918],[-47.85018,-19.98547],[-47.85018,-19.986045],[-47.850301,-19.986551],[-47.850447,-19.986988],[-47.850592999999897,-19.987471],[-47.850739,-19.987977]]]]}}
]
}
